StateWellID,Latitude,Longitude,Fl_pred_LR_probab
339101,36.476111,-101.221111,0.836169280425618
1030802,34.504167,-102.303056,0.6932482644501221
1038201,34.467778,-102.2975,0.6933491280269145
1038603,34.437778,-102.260278,0.6928397292993781
1040503,34.428055,-102.043334,0.7056738169737218
1038604,34.448611,-102.292222,0.7538948066482858
1022404,34.697778,-102.373055,0.7696876928084567
1036301,34.481944,-102.512223,0.688920608920747
1036302,34.481111,-102.52,0.6846667122678273
1037403,34.423889,-102.497222,0.6913182252147595
1037601,34.4405556,-102.4008333,0.670283263118571
1037602,34.426944,-102.410556,0.6866212687133278
1038202,34.4825,-102.302223,0.7077162859304654
1039402,34.451945,-102.214445,0.6700174615546417
1039501,34.432778,-102.179444,0.7903697465128807
1039901,34.392778,-102.153334,0.6738695714791557
1040402,34.421389,-102.107778,0.6725980508780139
1040708,34.386945,-102.117222,0.6618420287670879
1045102,34.349445,-102.469722,0.7577859573344989
1045202,34.336111,-102.418055,0.703323430271526
1045501,34.319722,-102.418611,0.7348323049356794
1046410,34.317222,-102.337222,0.7422180782860107
1047101,34.353612,-102.234167,0.7003957446634153
1039702,34.378889,-102.233611,0.6560095328510195
1032401,34.542778,-102.103889,0.7326522929699102
1127407,34.562501,-101.718333,0.8488365715230638
1028704,34.529722,-102.586389,0.5870437228669243
1028703,34.518889,-102.605001,0.582576018732213
1018901,34.645278,-102.77,0.7180097928535567
1025703,34.524444,-102.975,0.6748030078662755
1025905,34.515001,-102.894445,0.7192708818184366
1025907,34.511112,-102.882222,0.7186515989139434
1027705,34.530833,-102.727778,0.6103313450840567
1033605,34.440556,-102.903612,0.65060194908536
1042302,34.350834,-102.766667,0.6994193793233047
1035705,34.415556,-102.719722,0.7579096467463017
1035708,34.415278,-102.718611,0.6547417628520745
940912,34.378889,-103.005556,0.6537965266655206
940913,34.380278,-103.032222,0.6837151687782441
948304,34.373055,-103.039167,0.6681972010276593
1033902,34.378333,-102.885278,0.6832228765519132
1034404,34.451667,-102.838334,0.5702738950107251
1041209,34.346667,-102.956112,0.6680498329489121
1042104,34.350278,-102.8475,0.6951227739306334
1043405,34.329167,-102.721944,0.6444924942489497
1042506,34.329722,-102.800556,0.6707784238430967
1018505,34.679167,-102.796945,0.7046638715449322
1018506,34.673055,-102.7925,0.733834622955286
1019202,34.728889,-102.688611,0.6198375342064064
1019404,34.685,-102.729167,0.6003207853722797
1019502,34.668055,-102.706945,0.5650800648188165
1020402,34.670833,-102.599722,0.7015517264460425
1027201,34.583889,-102.702223,0.58402393006796
1028202,34.614445,-102.5675,0.6079643521542751
924303,34.741111,-103.031111,0.7241307097267853
1019504,34.669444,-102.693611,0.5640079376815365
1019705,34.636111,-102.726944,0.729046714910391
1025704,34.525555,-102.985556,0.6591931161911923
1027501,34.5694444,-102.6836111,0.5803598648696711
1027702,34.525278,-102.723889,0.6355787351505852
1027703,34.504167,-102.7275,0.6220282107740968
1035503,34.450556,-102.696389,0.7113210185765348
1035504,34.441111,-102.679167,0.6758388572072567
1035707,34.415001,-102.738889,0.6192092121045154
1035803,34.385278,-102.668333,0.6817636332522266
1036602,34.443056,-102.539167,0.691664535525143
1036704,34.393889,-102.614445,0.6886327386662917
1044203,34.365278,-102.542222,0.7055712446732587
1036402,34.456389,-102.591111,0.7200864669938175
1019709,34.638334,-102.711945,0.6616830140066592
1044204,34.34,-102.550001,0.6590495089731738
1036401,34.4463889,-102.5902778,0.6903923536651871
2443801,33.275278,-102.674722,0.8589136625161382
2441101,33.341945,-102.999445,0.8183970034717248
2443402,33.311945,-102.732778,0.8467921263473811
2450404,33.180555,-102.856667,0.8222310594860238
2458504,33.040834,-102.815001,0.7356783708254369
2459502,33.051945,-102.698056,0.8526533680406844
2556503,33.183334,-103.053334,0.8318550610351894
2701201,32.99,-102.9425,0.7966954517778125
2701206,32.9825,-102.943889,0.8399512431324881
2703204,32.964723,-102.669167,0.823095944097445
2701212,32.991111,-102.955834,0.7873319411808287
2450403,33.1814028,-102.8534306,0.81047967338447
2450406,33.183611,-102.851389,0.8124370161880647
2411802,33.791389,-102.679444,0.8094396569575882
2418308,33.731389,-102.752223,0.7570879885260607
2524304,33.709723,-103.020278,0.8392504628964707
2417503,33.688889,-102.921389,0.819555278485704
2418502,33.680278,-102.83,0.7644639268538477
2427902,33.53,-102.628333,0.7554826425505443
2427903,33.505,-102.6283333,0.7887822044124269
2428401,33.571944,-102.618055,0.7326646202342869
2428402,33.571667,-102.620555,0.7472333000912175
2524601,33.707223,-103.0225,0.7960022278814283
2420103,33.749167,-102.615278,0.7928714221411282
2436105,33.4725,-102.618611,0.7747310294821078
2419703,33.663889,-102.721944,0.8003852622263117
2425101,33.6172222,-102.9961111,0.7328379757015533
2433802,33.396389,-102.939445,0.8013172000601977
2803604,32.9466667,-101.6522222,0.8921189454993294
2812105,32.845556,-101.622778,0.8945843545528562
2812402,32.830975,-101.5851472,0.8879423887552307
735801,35.416112,-102.678055,0.6483507773675657
742902,35.253612,-102.752501,0.869579366300403
744815,35.271111,-102.565834,0.7981837179194706
744501,35.3316667,-102.5705556,0.8344685145984364
635626,35.4380556,-101.6419444,0.3525813107407179
635627,35.4280556,-101.6255556,0.20048441970348466
635629,35.436111,-101.660278,0.41734282697017433
756404,35.191111,-102.088056,0.7072145299767663
756523,35.191111,-102.078333,0.7165254022260333
643604,35.311112,-101.628611,0.6946756136514813
643606,35.2983333,-101.6544444,0.6691599277939042
756524,35.1875,-102.078889,0.7551623480218347
649310,35.2430556,-101.8938889,0.8196152733895278
756202,35.2175,-102.077778,0.7704647915173506
756401,35.194167,-102.112223,0.7126185689153948
756501,35.206667,-102.063889,0.7575450876333412
756525,35.190834,-102.073055,0.704429099984198
649603,35.185278,-101.912778,0.739314134528454
636401,35.420278,-101.622778,0.3730103039265596
753224,35.241667,-102.421111,0.7352475803128564
1137308,34.479722,-101.416944,0.8449477603419719
1131402,34.5522028,-101.2422722,0.7461359619586577
2759105,32.105834,-102.744167,0.8448998898609461
2737201,32.475278,-102.453889,0.8882380230961731
2746201,32.350278,-102.316667,0.9273336592056334
2733201,32.4711111,-102.9455556,0.8847771455142567
2733202,32.4705556,-102.9541667,0.8619515947482544
2736211,32.4650556,-102.5786944,0.8136889183868299
2738603,32.4355556,-102.2627778,0.8081623327139953
2751504,32.205001,-102.691389,0.8449047807873169
2750502,32.17,-102.8086111,0.8416682945306251
2750601,32.181111,-102.772222,0.8465609149477701
2750903,32.151945,-102.767222,0.8854398956205348
2751401,32.1872222,-102.7466667,0.8717138675321356
2751601,32.1986111,-102.6555556,0.876784541067827
2751701,32.1511111,-102.7394444,0.8767098368336034
2752401,32.1675,-102.6113889,0.8650052566627969
2746501,32.3008333,-102.3236111,0.8712010689892309
2754502,32.2005556,-102.3183333,0.8977062024308929
2734301,32.481667,-102.776111,0.8451765472445505
2737106,32.4752222,-102.4613333,0.8410006204914263
2743701,32.2722222,-102.7338889,0.8634164845700059
2734101,32.480278,-102.847778,0.8511773799661555
2736201,32.477778,-102.553056,0.8124216992221764
2736208,32.468889,-102.555001,0.8129065122552536
2738101,32.4780556,-102.3522222,0.8482391623419917
2738604,32.440278,-102.269444,0.8078652023362513
2738802,32.4163889,-102.3186111,0.8668254921913096
2739404,32.4459333,-102.2113833,0.7973988369987567
2739405,32.451389,-102.215001,0.7926112259575944
2744217,32.364445,-102.559723,0.8665767855296393
655801,35.1577778,-101.2036111,0.8245568075565297
1105103,34.968889,-101.459167,0.8129872540668907
652506,35.173611,-101.563334,0.8300250070383051
661608,35.044445,-101.383334,0.8331805485804298
662302,35.106389,-101.275278,0.7855222412106005
662702,35.038056,-101.361667,0.8270346695153339
1104101,34.989167,-101.593334,0.8461794448096657
1105201,34.9713611,-101.4451944,0.8283432450441853
1106804,34.9136111,-101.3211111,0.8241277959229771
1107401,34.916944,-101.229167,0.8716716766578293
1112511,34.819444,-101.546389,0.8922407750561058
1112522,34.792778,-101.542778,0.8804766531389735
1112701,34.7783333,-101.6166667,0.8681094054686348
1112801,34.778333,-101.546111,0.8782433300556323
662103,35.096945,-101.364723,0.6835332994814898
1058502,34.070555,-102.829444,0.8486898927486346
1058603,34.064167,-102.780278,0.8559537804151436
2409604,33.833055,-102.916389,0.8122649105135792
2409301,33.868055,-102.898611,0.8502953524418565
1043911,34.284722,-102.639722,0.7845744084391426
1050511,34.1758333,-102.8266667,0.8178041551766104
1059404,34.078611,-102.742778,0.7957517467052578
1059603,34.063612,-102.642778,0.7838265090765146
1049606,34.196667,-102.909445,0.7519852218908138
1051205,34.238334,-102.679444,0.723634432120579
1041604,34.308056,-102.879167,0.6670009928616949
2409203,33.838889,-102.945,0.8170427751721493
2409204,33.839445,-102.951112,0.8208201944197113
2401702,33.902223,-102.968055,0.8269255005567518
1051905,34.142222,-102.643611,0.7252943367360026
1051910,34.1427778,-102.6352778,0.7209852353409744
1052701,34.154445,-102.615001,0.7023271987969361
1051711,34.134167,-102.726667,0.7931871639671854
1051606,34.190556,-102.663612,0.714133233362991
1041801,34.2775,-102.934445,0.7818795707308901
1049306,34.216112,-102.908334,0.7907917256979312
1041603,34.301945,-102.901389,0.7219449600978392
1049104,34.230555,-102.981389,0.762098050258435
2411301,33.852778,-102.641111,0.8454619702034037
1051426,34.196111,-102.728611,0.7345069860728017
2403101,33.9775,-102.745,0.865902274353732
1057401,34.045,-102.964445,0.8486239123954445
1057801,34.003889,-102.955834,0.8391319478797742
956308,34.2121361,-103.0338389,0.8209509277422636
956602,34.205278,-103.029444,0.8215854706481849
1049208,34.213334,-102.942222,0.8126085832513582
1049209,34.213334,-102.956112,0.8193687774656544
1051423,34.203056,-102.745834,0.7965394921012785
1051517,34.176667,-102.698889,0.7617266366536828
1052410,34.17,-102.621389,0.7786173351812901
964301,34.0925,-103.021111,0.8547233829774846
1042906,34.286667,-102.779444,0.7772341840767001
1058902,34.034167,-102.787222,0.8709081062602985
2827509,32.546945,-101.666944,0.8199645481295657
2803901,32.9011556,-101.6520278,0.8753622028105223
1121603,34.676111,-101.384167,0.825747967349937
1130801,34.510556,-101.315001,0.8110024879501708
1137701,34.3909278,-101.4609667,0.7886878281147104
1137848,34.376667,-101.443056,0.7862331143680483
1137942,34.405556,-101.376389,0.761632523778186
1138228,34.475,-101.308056,0.7967059119555319
1138336,34.473889,-101.273889,0.7785045628036769
1138836,34.405834,-101.311945,0.757447885110243
1139534,34.453889,-101.195,0.7820134974486085
1145515,34.319167,-101.435834,0.7257547524630229
1146501,34.318889,-101.293889,0.7314933397748112
1020304,34.745834,-102.502778,0.7125935130354181
1021402,34.691945,-102.495556,0.72740157111912
1021501,34.6825,-102.4425,0.7518559808762245
1021803,34.6463889,-102.4472222,0.7857298744410358
1024105,34.716944,-102.085556,0.8214534075962252
1024802,34.656667,-102.059445,0.8088977463243384
1024804,34.640556,-102.050556,0.8081092996636201
1024805,34.633334,-102.050556,0.808076928698654
1029302,34.606945,-102.403889,0.666443261034744
1029603,34.567778,-102.405834,0.6404448153840502
1029901,34.512778,-102.407501,0.6660074252502894
1030608,34.546389,-102.285,0.6546030085076485
1031502,34.544445,-102.186389,0.7018043713361921
1031803,34.52,-102.1775,0.6684052857547693
1032201,34.6127778,-102.0683333,0.7923650252010307
1032202,34.619444,-102.050556,0.8080854075086312
1032703,34.5252778,-102.1236111,0.6830729187849636
1040101,34.473333,-102.108056,0.6910769178991959
1048102,34.333889,-102.095834,0.662850361238742
1048302,34.352501,-102.038334,0.7093256372275755
1048303,34.365556,-102.003056,0.793562707378077
2409602,33.816389,-102.907501,0.8086681576534138
2409801,33.761945,-102.956389,0.8352650846209664
2409901,33.765001,-102.896945,0.8248053156021513
2411803,33.753334,-102.669722,0.8223274871404388
2418601,33.6884444,-102.7827472,0.7940165211924095
2419902,33.642222,-102.644445,0.8166942226345568
2426402,33.571667,-102.857501,0.7100555897183128
2428104,33.600556,-102.62,0.803215290965656
2428702,33.505834,-102.621111,0.7810291004692707
2435203,33.487778,-102.694445,0.7891235078146508
2436401,33.4575,-102.62,0.8158945946332794
2419303,33.7191667,-102.6469444,0.7846103643678628
2436102,33.473055,-102.616112,0.7993333899622528
2411403,33.8072222,-102.7430556,0.8428648012150899
2417801,33.638056,-102.921667,0.8054223319180815
2329403,33.556112,-101.462778,0.6870980549227406
2328312,33.592778,-101.536111,0.7665866352036631
2321710,33.665278,-101.468611,0.7192031179956221
2322402,33.6746444,-101.3493,0.7144204017676064
2322906,33.662778,-101.268055,0.7113488767770394
2329202,33.618333,-101.434722,0.7841447774213777
2329302,33.602778,-101.393889,0.7440409198743329
2322504,33.6747167,-101.3225694,0.6316673774386746
2329703,33.539445,-101.463056,0.7177859088509088
2312902,33.7672222,-101.5077778,0.7420088071871178
2313503,33.796111,-101.444722,0.7371562141759255
2313706,33.782778,-101.490556,0.7157910924612595
2313803,33.777222,-101.456945,0.7449755497172534
2315401,33.819167,-101.239722,0.6952956854366735
2315501,33.8213889,-101.205,0.679485678555239
2315601,33.825555,-101.159723,0.7075626120731786
2320614,33.669722,-101.530555,0.7503582064609053
2321202,33.738611,-101.456389,0.7630599971936552
2322103,33.740278,-101.346389,0.8089556543127308
2322503,33.6794444,-101.2980556,0.7238680429548118
2322702,33.659723,-101.342222,0.7216835616247161
2324401,33.698056,-101.098334,0.7338280780578756
2312607,33.82,-101.509723,0.6920611556435831
2313606,33.7975,-101.3875,0.6696635303901449
236602,36.454167,-102.540834,0.8556538463713894
243601,36.296667,-102.630555,0.6162929027738734
243701,36.255001,-102.745834,0.6830664552981398
244801,36.270555,-102.555278,0.624914639179722
252701,36.13,-102.622222,0.576605197033957
253501,36.188334,-102.456945,0.4955279147185865
253702,36.1336111,-102.4733333,0.48040261782836846
260302,36.084167,-102.501389,0.4400336081802288
233915,36.413056,-102.890834,0.7679300931679162
234710,36.386389,-102.838334,0.855953976528429
237201,36.476111,-102.449722,0.7922131548119132
239101,36.497222,-102.242222,0.8295559762408882
242704,36.277778,-102.867222,0.7644524744194637
242904,36.274444,-102.768333,0.7615777246016513
253901,36.137222,-102.409445,0.6032059632215157
258301,36.083889,-102.789445,0.6751920579103187
260607,36.067778,-102.531389,0.5137439136451785
260609,36.0613889,-102.5325,0.49706334915271594
258106,36.088334,-102.874722,0.6878675983089665
260502,36.0638889,-102.5480556,0.4907458887537829
260503,36.0613889,-102.5425,0.4896712251910071
260610,36.061112,-102.537222,0.4802246053509706
233701,36.3938889,-102.9625,0.6638390736608466
257303,36.093889,-102.887778,0.6369251810624647
261101,36.095,-102.488334,0.5198651804563695
234712,36.386945,-102.841945,0.8109414318098092
235204,36.4641667,-102.6822222,0.8246536277687319
235206,36.4636944,-102.6829167,0.7402422977642096
235207,36.4636389,-102.6844167,0.763667149861082
263501,36.071389,-102.194445,0.5614034653567457
245502,36.310834,-102.455834,0.5832059334965803
237602,36.428333,-102.391389,0.7623035228784572
258305,36.111945,-102.782778,0.6222190193398722
156906,36.1419444,-103.0111111,0.735908213587321
251504,36.168889,-102.681667,0.6048156931968505
242202,36.3644444,-102.7988889,0.8625733136418301
251707,36.140834,-102.717778,0.5063443348857936
156309,36.2438889,-103.0316667,0.7937855727516716
2217102,33.7336111,-100.9947222,0.6188626460024598
1201656,34.931389,-100.882778,0.7879930162585916
1212401,34.816944,-100.605556,0.7681796134681291
549504,35.1825,-100.939722,0.29969956835554634
549607,35.168055,-100.903056,0.3076459673952119
2608505,32.950278,-103.056667,0.8540089644323586
2704505,32.9427778,-102.5627778,0.8363931008287285
2706512,32.938889,-102.295556,0.8371626393358493
2728301,32.587222,-102.536389,0.8780598681585075
2701910,32.893889,-102.901667,0.8119693123006492
2704518,32.936667,-102.575278,0.8253409218406494
2711605,32.8327778,-102.6413889,0.8562571823737831
2702807,32.888889,-102.799445,0.7565881215802885
2624507,32.682778,-103.057223,0.847839734466117
2702811,32.900556,-102.794722,0.8504816758352117
2703501,32.948056,-102.670278,0.8689340233212934
2703705,32.911112,-102.722778,0.8684491789398237
2705527,32.9226972,-102.4181889,0.8597511276954682
2711205,32.8425,-102.699722,0.8680389977195203
2711206,32.848611,-102.670278,0.8654852473999188
2717213,32.714445,-102.945,0.8450956179957473
2717511,32.6925,-102.919444,0.8489628181683337
2718519,32.703334,-102.818611,0.8529126634319211
2719126,32.726389,-102.744445,0.873551512641307
2719127,32.725,-102.741945,0.8497053506935281
2720110,32.724722,-102.589722,0.8625360791582838
2721702,32.6467194,-102.4671528,0.8779984090475096
2725103,32.598056,-102.9975,0.9029348316277511
2726404,32.5677778,-102.8438889,0.8398980826871743
2727518,32.577778,-102.679444,0.8278727860785003
2730102,32.611945,-102.341389,0.8895520646181594
2719713,32.630555,-102.740834,0.854361129612627
2726507,32.571944,-102.805001,0.824695742537864
2702507,32.924444,-102.795,0.8045270527225207
2720601,32.694722,-102.533055,0.8420810009240902
2702908,32.914723,-102.790556,0.8043639183488487
2717212,32.726389,-102.9325,0.8239508586160017
2712201,32.846111,-102.549722,0.8295194667221314
2717702,32.610834,-102.995834,0.8729091299561386
2720108,32.7225,-102.589445,0.816425791552511
4402301,31.9775,-101.755556,0.8284551969466372
4402309,31.990834,-101.759167,0.8373747965863015
4403406,31.940556,-101.74,0.8434727320626713
2860811,32.040834,-101.545834,0.7441421419106998
4403102,31.959723,-101.733334,0.8222706409374425
1160204,34.0925,-101.578055,0.7089411558986841
2416315,33.838056,-102.028889,0.7864104403284448
1151901,34.157501,-101.644722,0.676107912808781
2301802,33.915278,-101.940556,0.6625141559985571
1152208,34.238334,-101.574444,0.7734102742013842
2311202,33.8735833,-101.6912222,0.6665188864597565
1157603,34.062778,-101.891945,0.7773576008971544
1160403,34.082222,-101.587778,0.7576467268279695
2311201,33.872222,-101.693889,0.7203720069155267
1056203,34.231111,-102.049167,0.69613005472621
1056306,34.247778,-102.029167,0.7029043320535181
1064205,34.122778,-102.076389,0.7413916620734871
1151510,34.1872222,-101.6963889,0.67194141843951
1149512,34.187778,-101.961112,0.7534025691740421
2312108,33.849167,-101.592222,0.6162956833923923
2408301,33.9925,-102.014723,0.7155804701324198
1141602,34.296945,-101.883055,0.7599642468905711
1141903,34.280833,-101.900834,0.7380625198232125
1141904,34.27875,-101.9013611,0.751586364543803
1143704,34.28,-101.716389,0.7412966061907976
1150507,34.189722,-101.828055,0.7240320694744512
1151512,34.1835833,-101.6768889,0.7017884310641517
1157102,34.107778,-101.991389,0.7495311403215175
1158103,34.110834,-101.853056,0.7203880706976676
1158204,34.083611,-101.818055,0.7149263538938011
1159404,34.079167,-101.739722,0.7303849653677172
1159505,34.066667,-101.695834,0.8468982303532321
2301201,33.992778,-101.957501,0.7026463518088354
2302410,33.934722,-101.854445,0.7003479958961615
2303201,33.977778,-101.676944,0.8142637411091539
2312106,33.8662778,-101.6000556,0.6726642231032623
2408602,33.941111,-102.010556,0.7263518626913056
258803,36.0225,-102.8158333,0.5343198731411714
717701,35.6577778,-102.9894444,0.8260838543112988
257602,36.0458333,-102.91,0.6193613499387858
261401,36.054723,-102.487222,0.509752441544692
709101,35.863889,-102.964723,0.7641631207909203
710201,35.866112,-102.804723,0.6284472538596455
713602,35.8236111,-102.4097222,0.5239820997216497
722201,35.725278,-102.310001,0.46433299252490084
717901,35.6536111,-102.8997222,0.8745982718901277
260801,36.007501,-102.576667,0.49141928166319193
712101,35.8391667,-102.5991667,0.8268758179362694
710302,35.838056,-102.765556,0.5864421193482653
521602,35.678333,-100.400834,0.7179535112648072
514705,35.759445,-100.371389,0.8358094641434215
506704,35.913056,-100.374722,0.7871250116483303
504601,35.944445,-100.529722,0.6906462318355544
505920,35.915556,-100.393056,0.6950825423469613
462701,36.026111,-100.341389,0.6644689258335005
462908,36.011112,-100.264723,0.7318052079706586
439606,36.4319444,-100.1444444,0.600844509973629
456601,36.180555,-100.040278,0.70363082028905
440502,36.4491667,-100.0511111,0.7440193186289014
436603,36.452778,-100.539722,0.5907298355181734
439402,36.451112,-100.221111,0.6320163788792136
462403,36.078055,-100.337222,0.6779454489407196
439607,36.435278,-100.146389,0.4495643819200373
461102,36.120555,-100.475833,0.6940140490774183
464306,36.116667,-100.025278,0.44776185336874785
2319813,33.662778,-101.691945,0.6939339430184305
2319815,33.6600278,-101.6815,0.7254781304056536
2325904,33.511667,-101.885834,0.833447901800849
2326611,33.562501,-101.783611,0.828580469206912
2333803,33.397778,-101.933611,0.8208930330781324
2334404,33.450278,-101.848334,0.8130539299330083
2334908,33.400001,-101.769167,0.8075797469293438
2335506,33.425,-101.674167,0.8118696645102015
2335710,33.412223,-101.713889,0.7089613047956148
2440208,33.49,-102.059445,0.7836378578439747
2440504,33.441389,-102.0425,0.7832507664684313
2317412,33.6795,-101.9893611,0.801713718828779
2319704,33.649722,-101.740834,0.7442302302718014
2432911,33.5086111,-102.0044444,0.8181399598724175
2327720,33.5355556,-101.7111111,0.814172688877054
2335504,33.4175,-101.672778,0.8207520664202075
2318303,33.746667,-101.785556,0.6916688169494564
2309504,33.795556,-101.939445,0.8156842854028984
2310503,33.802223,-101.82,0.8145736854440796
2318302,33.748056,-101.786667,0.7332681212115725
2318409,33.699445,-101.845278,0.8205149304291472
2319706,33.684722,-101.666112,0.7335033230527136
2320805,33.665001,-101.578611,0.7215410742843701
2424804,33.6505556,-102.0438889,0.8152392191427784
2310502,33.798334,-101.814723,0.7464268915598571
2311402,33.812778,-101.717778,0.7039735522227796
2311801,33.766389,-101.705834,0.7046126844645003
2312404,33.826667,-101.596945,0.7259020978209314
2320403,33.707501,-101.596111,0.702747008452014
2328203,33.609167,-101.581389,0.7404679671320951
2336201,33.496389,-101.580833,0.8503764564496354
2424802,33.650556,-102.061112,0.8067407188629677
2432319,33.619167,-102.010278,0.8315177213393964
2440308,33.490834,-102.008889,0.8100920236820275
2325507,33.574444,-101.934445,0.8087699523116066
2325509,33.571944,-101.933055,0.8360891043272276
2827705,32.514723,-101.713889,0.8266402766091575
2850704,32.1502778,-101.8344444,0.8420559767362297
2732801,32.512223,-102.058334,0.8651596858167623
2834701,32.387222,-101.843611,0.8908076466171576
2841204,32.363334,-101.933334,0.8563686160822354
2849807,32.1563889,-101.9455556,0.8495183402068769
2849909,32.1455556,-101.8969444,0.8359604896065898
2858109,32.101667,-101.866667,0.8947508603493757
2825705,32.512501,-101.961945,0.8180329627725593
2748106,32.373889,-102.109167,0.8143115779581086
2833702,32.3975,-101.958334,0.874476609940068
2739907,32.381944,-102.143889,0.8085178456749799
2756401,32.173611,-102.110834,0.8941125844660017
2841503,32.314723,-101.933611,0.7566103298321488
2739901,32.378105,-102.140539,0.7909529826035196
2858306,32.116667,-101.771944,0.789117870731668
2850301,32.232222,-101.765556,0.8945430777794531
2842705,32.288889,-101.855278,0.8450801918723219
2732701,32.521944,-102.099445,0.8956360737027357
2763501,32.044445,-102.183055,0.8441681818684562
2857802,32.015834,-101.946389,0.8886503845553619
2858402,32.0635778,-101.8672833,0.8843582447371999
4508510,31.945,-102.058612,0.8707950285479108
2764403,32.076389,-102.105556,0.8810714445864268
2764804,32.035738,-102.072032,0.8469862806826608
2857703,32.0341667,-101.9980556,0.8849202071012945
4507602,31.9225,-102.1402778,0.8794013213166543
4507415,31.9375,-102.210556,0.8865510355569849
2762608,32.046389,-102.2725,0.8236095202425985
2763901,32.0110306,-102.1407194,0.8444003207554994
2763507,32.048334,-102.18,0.8340560409765455
2857903,32.004445,-101.874167,0.8270298477299612
4508511,31.956112,-102.078333,0.8795338095926206
4401605,31.920833,-101.916112,0.861528151428487
610601,35.8297222,-101.7688889,0.8122826994653362
603114,35.960001,-101.741945,0.6579664633237384
617704,35.6355556,-101.9608333,0.7056166860916512
618501,35.6872222,-101.7966667,0.7814128229347669
457302,36.085556,-100.899722,0.5407308530893146
1101504,34.943056,-101.920833,0.8761913598845322
657712,35.011945,-101.978889,0.8559407619690282
763925,35.030833,-102.131667,0.7329267743297948
763927,35.022778,-102.128611,0.793604976515995
763929,35.029167,-102.1275,0.7943788803192943
764622,35.0419444,-102.0291667,0.7660618590193056
764802,35.038056,-102.044167,0.7660861102740746
764911,35.038889,-102.025555,0.7660066940392131
764913,35.041111,-102.037778,0.7661068699244745
764915,35.04,-102.034167,0.7660672959254945
764918,35.036945,-102.0375,0.7660656898703794
764123,35.107778,-102.107778,0.8442554156416111
764308,35.117222,-102.019167,0.8588593003802192
764309,35.110556,-102.010556,0.8529027406903218
649805,35.132222,-101.926389,0.8252239853192131
764912,35.036667,-102.025833,0.8290718886587343
764914,35.034445,-102.030278,0.8290753316776338
764916,35.031667,-102.031944,0.8260706899234352
1008414,34.922222,-102.089722,0.8167062130065283
649808,35.154167,-101.937778,0.7625413555072721
657206,35.124444,-101.938611,0.7858046503528888
657212,35.111945,-101.956389,0.7986431751119618
657505,35.046667,-101.934445,0.7592380396931606
657536,35.061945,-101.935278,0.7515168312290441
657825,35.020833,-101.948611,0.8791523242737209
658404,35.072222,-101.851667,0.7987073813117982
658405,35.073333,-101.852778,0.7993974249282432
659503,35.078055,-101.703056,0.7834775541297555
756743,35.166112,-102.099167,0.7196500557009539
763906,35.022778,-102.1325,0.8031832053220147
763930,35.018889,-102.131111,0.7811534295617981
764103,35.124444,-102.115001,0.7696548525481468
764625,35.053889,-102.007223,0.753292719457118
1102501,34.9194444,-101.8297222,0.8211441739279565
1109608,34.793611,-101.893611,0.7973949044347121
1111409,34.806112,-101.740278,0.8286774734057437
650811,35.135556,-101.832778,0.5977979806116811
650911,35.1661111,-101.7805556,0.6633000137239631
657102,35.087222,-101.9875,0.7345883752331279
657110,35.102501,-101.97,0.7416404345366442
763626,35.042778,-102.1475,0.7352546117889172
763907,35.0375,-102.132222,0.7478179132373574
764124,35.108334,-102.115001,0.7308206411667828
764129,35.101945,-102.115001,0.7060652703756347
764307,35.116944,-102.010834,0.7510590109509734
764604,35.0725,-102.020555,0.7182472679572958
1111624,34.805278,-101.661389,0.7734010261759042
649713,35.1325,-101.992222,0.7741952100528064
649714,35.132222,-101.986111,0.7776143196738089
649715,35.1325,-101.974722,0.7885683882016153
649719,35.1325,-101.9744444,0.7661753254318523
650910,35.141389,-101.758612,0.742920707037977
651803,35.1461111,-101.6794444,0.7843422906122426
657101,35.085278,-101.9925,0.7504805509305923
657202,35.115556,-101.953612,0.7841152301866743
657207,35.117222,-101.948889,0.7481437828104607
659201,35.1033333,-101.6858333,0.7702081013503214
756916,35.125278,-102.028889,0.7640239553791291
763305,35.116667,-102.132778,0.7781577752360376
763328,35.088611,-102.155834,0.8113134054999991
763601,35.058334,-102.132222,0.7896715689691588
764128,35.095556,-102.115278,0.7809218991081383
764136,35.117222,-102.124444,0.7604065641467307
764306,35.117222,-102.000834,0.7784338832602994
764321,35.117778,-102.041945,0.7879751308290827
509807,35.7715028,-100.9423472,0.42389556339411427
624355,35.733525,-101.0212667,0.3481995806708038
248704,36.254723,-102.114723,0.5906315137624997
256901,36.150278,-102.04,0.8027552918523875
357302,36.108889,-101.908612,0.6765705470929699
349703,36.136667,-101.980278,0.6310091750105933
239605,36.444445,-102.149167,0.6533864737987082
256203,36.238611,-102.044445,0.7051589403165555
334303,36.496111,-101.787778,0.7868950995454702
334802,36.415001,-101.826389,0.7312748358465798
342302,36.358334,-101.764167,0.5782161936358114
350504,36.201112,-101.823333,0.6460575700550313
341203,36.3425,-101.935834,0.6485476583965026
1125305,34.5916667,-101.9086111,0.7468022743052461
1134106,34.470278,-101.858056,0.7371873578119573
1118109,34.748056,-101.846111,0.8078506199845478
1118704,34.631667,-101.866944,0.8028363787084357
1119745,34.646389,-101.746111,0.8213685084067962
1125703,34.530833,-101.974167,0.805407948548631
1126311,34.604723,-101.758612,0.8015786044050891
1126505,34.544445,-101.8225,0.8217958140597205
1128509,34.548611,-101.546389,0.8193998083394973
1129102,34.615278,-101.487778,0.823967046019039
1134501,34.445556,-101.823611,0.7719512232299893
1141405,34.321389,-101.993334,0.7272104778902944
1117807,34.631944,-101.955278,0.793432341427461
2446501,33.327222,-102.326389,0.846305052342617
2454605,33.1872222,-102.2716667,0.8456440658578298
2444802,33.260278,-102.576111,0.840575647425874
2453103,33.227778,-102.464445,0.8451404019809095
2454609,33.1833333,-102.2619444,0.821333919379959
2454610,33.168611,-102.276111,0.8281026078656432
2454907,33.148611,-102.273889,0.8226139568066843
2455202,33.2375,-102.168333,0.8741251295370114
2455302,33.2375,-102.153334,0.8761079758509885
2461502,33.045834,-102.431944,0.8258380075620632
2461503,33.044167,-102.433611,0.825868328354733
2461703,33.019444,-102.4675,0.8173227731867189
2461704,33.021944,-102.462223,0.8037572949766918
2462202,33.1225,-102.293056,0.8135923516365677
528303,35.603889,-100.505278,0.5568315448863472
538511,35.456112,-100.308612,0.8349085223710438
538512,35.4527778,-100.3083333,0.8315047491702654
539705,35.401945,-100.245,0.7817987722799782
539706,35.403889,-100.249167,0.728056170365297
2608205,32.965278,-103.061945,0.7447954685182674
2548803,33.261389,-103.057501,0.8819894329970793
2707606,32.924722,-102.126389,0.8419796455267891
2707607,32.9322222,-102.1277778,0.8401966541464593
2809601,32.8110361,-101.9148194,0.8179865593516219
2732601,32.5602778,-102.0197222,0.8386805420790828
2732702,32.5411111,-102.1177778,0.8730254947606665
2802801,32.886667,-101.831111,0.8426349088621066
2809804,32.7569444,-101.9580556,0.7969195867892339
2817115,32.7316667,-101.9766667,0.822962887755438
2817509,32.699445,-101.931667,0.7986833806387325
2818101,32.745,-101.866389,0.8349774287603942
2825902,32.535278,-101.898334,0.8271604160149332
2827201,32.6141667,-101.7008333,0.8111615358452515
636703,35.3841667,-101.5966667,0.2905255225236479
636707,35.383055,-101.607501,0.2602564638655639
636922,35.4144444,-101.5036111,0.29862313728295004
637412,35.430833,-101.4975,0.26293160500456414
644203,35.371389,-101.5475,0.2897357771388
644204,35.359445,-101.556389,0.31585325657578683
644205,35.365278,-101.556112,0.26513116844808904
644958,35.278611,-101.539445,0.6793788273707563
631505,35.566389,-101.17,0.5856025683135364
638512,35.450278,-101.300834,0.323521942242268
636810,35.385,-101.566389,0.25445913753250654
636811,35.3925,-101.5675,0.2169134600193439
636812,35.384445,-101.559723,0.26213034642387123
636813,35.3925,-101.560001,0.26047510071347557
636820,35.405,-101.5513889,0.30564980376190753
636905,35.402778,-101.525,0.18695576598307337
636907,35.404445,-101.508889,0.2612613569851611
636909,35.3969444,-101.52,0.25613578780400337
636910,35.3972222,-101.5113889,0.22823418933255957
636912,35.385556,-101.541111,0.27179352384965594
636913,35.391389,-101.541389,0.2563821944654645
636914,35.395556,-101.524444,0.22147113277644181
636920,35.402778,-101.52,0.21913622391000206
636921,35.408334,-101.519444,0.22051947441353817
637413,35.4372222,-101.4975,0.30108025787063347
637414,35.419444,-101.488889,0.20814297113979885
639604,35.450834,-101.135834,0.5003756337615208
644206,35.365556,-101.544722,0.21251048778808374
644304,35.36,-101.5211111,0.28428908274374015
644310,35.350278,-101.514445,0.29257299718308855
644701,35.266389,-101.596111,0.6888912784469363
644763,35.266112,-101.603612,0.7147102236017582
645517,35.328055,-101.445,0.25721358393466526
652201,35.230278,-101.560834,0.7083044410329646
655204,35.209167,-101.205001,0.3601135698094915
636807,35.3983333,-101.5561111,0.300482462406486
636808,35.3827778,-101.5502778,0.2915343130259774
636809,35.391111,-101.551112,0.29069495455253297
636816,35.3788889,-101.5566667,0.21563372211419332
636817,35.3777778,-101.5433333,0.2660407379975112
636819,35.407223,-101.545278,0.22291492237070196
636915,35.386111,-101.532778,0.31166900478494586
636916,35.392778,-101.532778,0.29143954185136284
644207,35.359445,-101.544445,0.24783585331813657
645315,35.349167,-101.394445,0.3228099801458843
646306,35.369722,-101.261112,0.36439518422935374
647512,35.300556,-101.1775,0.5609598031976776
639511,35.420833,-101.186111,0.3254402616185316
644305,35.360001,-101.515278,0.4406204051714814
644306,35.360278,-101.508612,0.4692210578465309
656409,35.202501,-101.113889,0.5217670279206842
757601,35.062501,-102.901667,0.756124756593193
762823,35.006389,-102.313889,0.7099467121380578
1007806,34.896389,-102.185,0.7962439146856227
1009701,34.776944,-102.963056,0.8380646075088239
763203,35.099722,-102.168611,0.7636064984845572
763204,35.102223,-102.176667,0.789776608652411
1001401,34.9302778,-102.9752778,0.851651328381582
1004603,34.925278,-102.523611,0.7417097218394365
1013536,34.805001,-102.420555,0.6956267209377033
750401,35.177222,-102.854445,0.8284646889903926
751401,35.1669444,-102.7455556,0.7685206947859834
758402,35.061389,-102.853612,0.762118044179673
758601,35.0475,-102.7638889,0.6855243961238949
760101,35.1019444,-102.6055556,0.6340669179632848
760102,35.102501,-102.600278,0.6339573560682784
760901,35.031389,-102.5175,0.7353494180127523
761115,35.086667,-102.490278,0.6354464125202783
761224,35.103889,-102.436389,0.7258016501866716
761601,35.071667,-102.393056,0.7474750331287411
761902,35.011945,-102.398056,0.6284161686270189
762201,35.085,-102.311112,0.7631730288947081
1002502,34.9286111,-102.8166667,0.720134512070763
1003201,34.975,-102.671111,0.655000362154143
1004202,34.999167,-102.556112,0.67373162904616
1005225,34.969722,-102.438056,0.667764724174739
1005905,34.902501,-102.407223,0.6148819685259262
1006302,34.986111,-102.255278,0.7457833193404094
1006403,34.935278,-102.359445,0.6559710564089268
1011403,34.795,-102.7091667,0.7512867270868316
1012302,34.852223,-102.506112,0.707798210967028
1013233,34.835,-102.420278,0.6286561708574046
1013509,34.829722,-102.439445,0.5881444398858194
1013601,34.827778,-102.400556,0.7129089245962252
1013607,34.820278,-102.401389,0.8011854143567346
1013618,34.801945,-102.399445,0.6682466965766605
1013806,34.779167,-102.445834,0.6403853485755338
1014101,34.844445,-102.335278,0.8511184416872387
1021201,34.749722,-102.424167,0.6820939734889004
763205,35.109445,-102.176667,0.7576729350704303
1003601,34.919167,-102.650556,0.6946842188704695
755703,35.16,-102.2255556,0.754294875644483
763202,35.094722,-102.202778,0.8156537784853479
763206,35.116667,-102.176667,0.797250338288162
763207,35.116667,-102.168611,0.7965689427956116
763209,35.109445,-102.185556,0.8108487146143185
763210,35.115834,-102.185556,0.8129593476111369
753629,35.168333,-102.399445,0.6922418376022422
2344926,33.269722,-101.500001,0.8257313607175871
2421702,33.6544444,-102.4880556,0.7881122045447851
2428901,33.511112,-102.514723,0.8046577737198992
2430202,33.590556,-102.300278,0.8415793895535043
2414703,33.754723,-102.334722,0.8456400420749948
2414802,33.755556,-102.327222,0.8525229340120936
2420201,33.741111,-102.556112,0.7951428832322841
2420202,33.725,-102.541945,0.8098869239802561
2421905,33.6405556,-102.3752778,0.7983570818816731
2428103,33.604723,-102.601112,0.8079104007109282
2429604,33.549722,-102.392778,0.785912545742155
2430104,33.584167,-102.366389,0.7813166031251477
2430409,33.573055,-102.358056,0.7896619359307776
2430414,33.561667,-102.374444,0.7778100577531628
2430901,33.523333,-102.267778,0.802970456428056
2431502,33.571111,-102.172222,0.8486074647897742
2432702,33.506945,-102.115834,0.8231795672432379
2437403,33.451667,-102.486667,0.8030517712223424
2440405,33.44,-102.125278,0.8003123505904494
2428501,33.560278,-102.565834,0.7635694206522344
2429401,33.544167,-102.470278,0.7837023786070253
2430405,33.5830556,-102.3636111,0.7594048154685629
2439304,33.488889,-102.146111,0.7862866026819278
2439702,33.4074056,-102.2331917,0.8057184944570753
2440406,33.450278,-102.117778,0.7826338705645962
2428106,33.604167,-102.588056,0.7861456007832578
2420302,33.721944,-102.533055,0.8517168888302363
2429304,33.588334,-102.396389,0.7351150896254985
2429322,33.588056,-102.394167,0.7415544991084332
2429321,33.593056,-102.394445,0.7190066954640469
2415617,33.816112,-102.161389,0.8378353347694691
2420603,33.671389,-102.534167,0.734397881335264
2430410,33.5794444,-102.3638889,0.7654663451588645
2431903,33.506667,-102.162778,0.8197967095373827
2437101,33.461945,-102.475555,0.7867039799610415
2336806,33.376667,-101.566944,0.7909639708323614
2341205,33.349167,-101.947778,0.8318116924260285
2343407,33.3158333,-101.7288889,0.8513155424183415
2351301,33.211112,-101.638334,0.8693109869178425
2803303,32.989167,-101.666944,0.8790470660842838
2341401,33.293611,-101.983055,0.8535024067751348
2341301,33.371944,-101.887222,0.8047617560710093
2341603,33.325,-101.9108333,0.8343000187911737
2342404,33.328333,-101.854445,0.849367529161401
2349101,33.2466667,-101.9802778,0.8381907206834445
2357803,33.022222,-101.928889,0.868470788637973
2801305,32.989722,-101.912501,0.8711788378715449
2802207,32.968889,-101.830278,0.8667227857411394
2358504,33.048056,-101.816389,0.8513956038884196
2349103,33.2163889,-101.9805556,0.809472484629472
2803201,32.9747222,-101.6869444,0.8969904207464845
2344104,33.370555,-101.601667,0.881100917324492
2352502,33.181389,-101.575555,0.8958037511629148
2464904,33.021389,-102.032778,0.8344004548774553
2351901,33.13,-101.631944,0.8104667752071719
2359102,33.109167,-101.736111,0.8487101424379309
2350602,33.2055889,-101.7857389,0.8393358785660411
2456601,33.167778,-102.038889,0.8548081694866314
2456603,33.1675,-102.0375,0.8521364436989339
2448203,33.340834,-102.072222,0.8203459780132591
2448204,33.341389,-102.074167,0.8222269893798693
2835511,32.4325,-101.678889,0.8696736156160161
2835603,32.439445,-101.661112,0.8667760924525875
2844205,32.349445,-101.545,0.8394581766593856
2846401,32.3322222,-101.3530556,0.866539684048354
2845701,32.29,-101.496667,0.8489717966822237
2846712,32.278889,-101.372222,0.8543882340068598
2853206,32.238334,-101.434167,0.8054029733249501
2838401,32.4219444,-101.3705556,0.8664914165573541
2836601,32.421944,-101.541945,0.8173796182524335
2836702,32.384722,-101.618055,0.8759577644060269
2837411,32.439167,-101.480555,0.7904797290129799
2838701,32.410834,-101.345834,0.8230222658608084
534205,35.469167,-100.796945,0.7128801583537147
534206,35.4725,-100.798334,0.7123487484889037
551101,35.2130556,-100.7294444,0.6344364274208972
526102,35.595,-100.8458333,0.4983471450808248
535706,35.380278,-100.715001,0.7631617926894857
552106,35.235278,-100.598611,0.732952897882074
525401,35.5605556,-100.9933333,0.4777339930497135
525503,35.5541667,-100.9405556,0.5304511763542104
525706,35.515278,-100.963612,0.5872159340759078
525813,35.519444,-100.917778,0.5231613492743227
526615,35.581944,-100.756945,0.5343636135557674
527105,35.591945,-100.717222,0.5367197310341358
527702,35.5375,-100.750278,0.45971050543472747
541501,35.300001,-100.953889,0.7173842378406406
640507,35.452223,-101.042778,0.5967446578044608
648501,35.331667,-101.051389,0.5662428724932886
534509,35.435556,-100.799445,0.6861420510645088
2708503,32.9419444,-102.06,0.8569239561077752
2715302,32.833611,-102.133889,0.8177745023961828
2731301,32.601945,-102.135834,0.8179769910687664
2731803,32.524444,-102.195278,0.8363325553649302
2826902,32.5408333,-101.7638889,0.8072150294901999
2724101,32.7097222,-102.1022222,0.8268269541422932
2801801,32.9005556,-101.9294444,0.8316708743961617
636818,35.398889,-101.545278,0.2677741895138342
763211,35.1027778,-102.1852778,0.6775838090952478
1044503,34.298334,-102.543611,0.674993627877448
1044602,34.298334,-102.538056,0.6830837488973048
1044907,34.263889,-102.512223,0.7337381303120475
1045802,34.290834,-102.436389,0.8114936692149798
1060307,34.0938889,-102.5208333,0.8044053754338562
1061701,34.0175,-102.476667,0.7983914014680014
1063503,34.050556,-102.171111,0.782241018059662
2404601,33.918333,-102.539722,0.8721531704598757
2407104,33.996111,-102.224444,0.7969036988803083
2407603,33.925833,-102.158056,0.7864767471293153
2407604,33.926111,-102.154167,0.8098801552563936
2414102,33.847778,-102.345278,0.8515233709065672
2414604,33.830278,-102.262501,0.8516735819315757
1045804,34.291389,-102.445,0.7257754749530242
1062603,34.049167,-102.280555,0.7888804747235213
1062704,34.031111,-102.348056,0.7665604571344847
2405102,33.965834,-102.481667,0.8484938723186138
2415301,33.836389,-102.146667,0.7880613043949091
1046704,34.259167,-102.360001,0.7549976638998567
1047702,34.270555,-102.221389,0.7906744373577912
1056101,34.246111,-102.093056,0.7963126181306095
2415108,33.874444,-102.208612,0.8207668149707535
1053608,34.191111,-102.410834,0.7845239232514609
1061201,34.1144444,-102.4186111,0.7835686606763993
1061604,34.055278,-102.407501,0.7728449911590484
1053903,34.140834,-102.379167,0.7232047067243599
1044906,34.255001,-102.524444,0.775536132304238
2412301,33.8497222,-102.5336111,0.8584856085644622
1053501,34.177222,-102.431111,0.748682330410314
1060606,34.074167,-102.508612,0.7296452931073029
1062307,34.091945,-102.274167,0.6559381341859366
1063203,34.085834,-102.1725,0.6430063389314896
2412302,33.8475,-102.5325,0.8495588914712396
2405201,33.996945,-102.425278,0.8043187221012273
2416103,33.851112,-102.110556,0.8122874069826423
2408701,33.898056,-102.099445,0.8178847996494453
1046502,34.310278,-102.305556,0.7329974573622845
1046604,34.303889,-102.290834,0.7206823975693655
1046605,34.299722,-102.291667,0.7265756938038688
1053312,34.239722,-102.410001,0.785763975837224
1055605,34.175555,-102.133889,0.6983558455870403
1056403,34.168889,-102.101389,0.6977817314971172
1063702,34.013612,-102.223333,0.7820850620605128
2408101,33.963889,-102.101667,0.745272836457343
2405701,33.904167,-102.460278,0.8452528498244988
2413301,33.840834,-102.392222,0.8059947216533506
1054207,34.233334,-102.308056,0.7771261428713984
1054208,34.2325,-102.310278,0.6975553661281716
1062503,34.053612,-102.322222,0.8166620641829081
1052804,34.1555556,-102.5791667,0.8008104340263799
1052820,34.150556,-102.563056,0.8224005001630638
1054803,34.141667,-102.307778,0.7132234228743367
1062203,34.117778,-102.296667,0.7274323626166591
1062209,34.107778,-102.296667,0.7282622880291536
1063102,34.090556,-102.222778,0.7027053053120063
2404301,33.966667,-102.536667,0.8318643399418792
2407606,33.928055,-102.158056,0.76522714574584
657906,35.0241667,-101.895,0.8034158160985656
764301,35.117222,-102.028333,0.738880238426882
764303,35.083611,-102.010278,0.7149912347185307
649712,35.139167,-101.986389,0.7445316908147305
649802,35.155001,-101.919722,0.7235098944129716
764122,35.104167,-102.100278,0.7370716399828996
764305,35.101389,-102.009445,0.7163388643121392
764310,35.110556,-102.028055,0.7474180123773203
764605,35.072778,-102.013056,0.7281880830386401
764623,35.076667,-102.010001,0.7164919025558227
1016502,34.811945,-102.052778,0.800524231819175
1109719,34.778055,-101.977222,0.7614801733424268
2762509,32.046667,-102.311389,0.8283683313567489
756703,35.130833,-102.115001,0.7436989263227712
764121,35.112223,-102.100278,0.760767749782371
649806,35.161389,-101.920555,0.7404448886619619
649807,35.161389,-101.929444,0.8109129656735814
649911,35.151667,-101.911389,0.8226790242357641
649912,35.147222,-101.915001,0.8228079654224981
649913,35.161112,-101.911389,0.8107697574563496
649923,35.1547222,-101.9102778,0.7872720143920353
649601,35.176667,-101.896945,0.8237272530062417
649602,35.168333,-101.901945,0.8160003412675224
649604,35.1733333,-101.8966667,0.7729047587535954
649909,35.1614556,-101.9059778,0.824211436194426
649910,35.156945,-101.908334,0.8285357644120063
2306109,33.963056,-101.363334,0.6705329550929596
1152912,34.1425,-101.536667,0.6013397671288091
2304901,33.881111,-101.514167,0.5527595726702947
1161111,34.117222,-101.459167,0.7301781739004871
2306705,33.916389,-101.356945,0.7231487108265527
2305205,33.958889,-101.448056,0.5998204897942532
2305206,33.958889,-101.451112,0.6008822664715838
1152907,34.143889,-101.526389,0.6587281379295312
1160208,34.113889,-101.543889,0.6839275158434955
1144905,34.25625,-101.5208333,0.7984673741629836
1145802,34.2844444,-101.4322222,0.7883971962849211
1146701,34.285834,-101.364723,0.7435606622979594
1146802,34.290278,-101.293889,0.7110499187495549
1146803,34.287778,-101.306945,0.7134902353971814
1152305,34.228889,-101.525833,0.7734085272996726
1152908,34.1388889,-101.5186111,0.6477707176150042
1153503,34.197222,-101.441667,0.729648936343313
1153705,34.126111,-101.486111,0.6436689587973048
1153802,34.149445,-101.421389,0.7491862347257651
1154302,34.215278,-101.251945,0.6836313371945315
1154502,34.171667,-101.312778,0.7196086407600694
1154802,34.142222,-101.332778,0.7995273129644904
1155901,34.158334,-101.159445,0.6712371925763883
1160605,34.048611,-101.525833,0.6358962369555057
1160902,34.026111,-101.508056,0.6320952091132841
1160903,34.020833,-101.501667,0.6405141696630993
1161204,34.108334,-101.445556,0.7423048344956716
1161214,34.115001,-101.445278,0.7097658185904341
1161305,34.091667,-101.410001,0.8279204887704668
1162502,34.076111,-101.313612,0.8588454129077809
1163601,34.074167,-101.125278,0.6648307504105024
2304202,33.996667,-101.551389,0.7222465214469215
2304605,33.945556,-101.513889,0.6947278812316867
2305202,33.977222,-101.444445,0.6348242817299495
2305301,33.981389,-101.394445,0.7086763523218852
2305502,33.936945,-101.446111,0.6217855460146599
2305602,33.952778,-101.376667,0.677660122696458
2305603,33.933889,-101.398611,0.6645654514403248
2306108,33.963334,-101.359167,0.7172285491897475
2306901,33.898334,-101.262501,0.7269486237485805
2307405,33.934167,-101.234167,0.7092944366239546
2307803,33.875555,-101.175278,0.6775279513818209
2308403,33.9438889,-101.0880556,0.6324973443150981
2313304,33.868055,-101.414445,0.6437275572277421
2316205,33.858612,-101.047778,0.6008257555501613
