StateWellID,Latitude,Longitude,Fl_predict_NBC
339101,36.476111,-101.221111,0.7985289661022776
1030802,34.504167,-102.303056,0.5779324157149
1038201,34.467778,-102.2975,0.5907730231038325
1038603,34.437778,-102.260278,0.5993284818633929
1040503,34.428055,-102.043334,0.6503800140427348
1038604,34.448611,-102.292222,0.1179641565378798
1022404,34.697778,-102.373055,0.7569219394311465
1036301,34.481944,-102.512223,0.5966662046382745
1036302,34.481111,-102.52,0.5834588189829435
1037403,34.423889,-102.497222,0.616128584891065
1037601,34.4405556,-102.4008333,0.5575020817309456
1037602,34.426944,-102.410556,0.6097538049600835
1038202,34.4825,-102.302223,0.6622627471094439
1039402,34.451945,-102.214445,0.5708166618086737
1039501,34.432778,-102.179444,0.8116856994151663
1039901,34.392778,-102.153334,0.592505168435143
1040402,34.421389,-102.107778,0.5872040905678223
1040708,34.386945,-102.117222,0.5530376360218017
1045102,34.349445,-102.469722,0.7686372536250967
1045202,34.336111,-102.418055,0.6629739119871964
1045501,34.319722,-102.418611,0.735159962460913
1046410,34.317222,-102.337222,0.753601213529325
1047101,34.353612,-102.234167,0.6688515344077256
1039702,34.378889,-102.233611,0.5076521992599324
1032401,34.542778,-102.103889,0.9310183081650976
1127407,34.562501,-101.718333,0.7772523336530782
1028704,34.529722,-102.586389,0.5310274793380326
1028703,34.518889,-102.605001,0.5165393485299038
1018901,34.645278,-102.77,0.7495890015931453
1025703,34.524444,-102.975,0.6228076752965718
1025905,34.515001,-102.894445,0.7575085211400268
1025907,34.511112,-102.882222,0.758073069760304
1027705,34.530833,-102.727778,0.4302575090023972
1033605,34.440556,-102.903612,0.5615605471294423
1042302,34.350834,-102.766667,0.7411864005217783
1035705,34.415556,-102.719722,0.8315033394834257
1035708,34.415278,-102.718611,0.6087886336551556
940912,34.378889,-103.005556,0.8898413278032375
940913,34.380278,-103.032222,0.9218078854080513
948304,34.373055,-103.039167,0.9070313000568856
1033902,34.378333,-102.885278,0.9276641469113481
1034404,34.451667,-102.838334,0.7118128566592704
1041209,34.346667,-102.956112,0.9120803508410126
1042104,34.350278,-102.8475,0.939242348222332
1043405,34.329167,-102.721944,0.9014346315566012
1042506,34.329722,-102.800556,0.924570808873153
1018505,34.679167,-102.796945,0.568920072136056
1018506,34.673055,-102.7925,0.6407772502096295
1019202,34.728889,-102.688611,0.309899393308586
1019404,34.685,-102.729167,0.2444590085708305
1019502,34.668055,-102.706945,0.152402987805989
1020402,34.670833,-102.599722,0.5843408281338861
1027201,34.583889,-102.702223,0.19477248816787043
1028202,34.614445,-102.5675,0.2797146579032312
924303,34.741111,-103.031111,0.582466806854863
1019504,34.669444,-102.693611,0.1594429490128343
1019705,34.636111,-102.726944,0.6613434189957177
1025704,34.525555,-102.985556,0.4207176773568479
1027501,34.5694444,-102.6836111,0.19811056271347277
1027702,34.525278,-102.723889,0.3824029507797259
1027703,34.504167,-102.7275,0.3373990106105833
1035503,34.450556,-102.696389,0.6441762764580187
1035504,34.441111,-102.679167,0.5415988966805311
1035707,34.415001,-102.738889,0.3301254160171274
1035803,34.385278,-102.668333,0.5678895096432696
1036602,34.443056,-102.539167,0.6098168864891704
1036704,34.393889,-102.614445,0.595325832408039
1044203,34.365278,-102.542222,0.6554200281976164
1036402,34.456389,-102.591111,0.6775838769411937
1019709,34.638334,-102.711945,0.6820871894747744
1044204,34.34,-102.550001,0.688461692346319
1036401,34.4463889,-102.5902778,0.7259237288898104
2443801,33.275278,-102.674722,0.8674805792821676
2441101,33.341945,-102.999445,0.8944694726762695
2443402,33.311945,-102.732778,0.8960676803466888
2450404,33.180555,-102.856667,0.8961846310866012
2458504,33.040834,-102.815001,0.8815350723268366
2459502,33.051945,-102.698056,0.8957147555492622
2556503,33.183334,-103.053334,0.8925727761521776
2701201,32.99,-102.9425,0.9064133393678722
2701206,32.9825,-102.943889,0.9013344386766718
2703204,32.964723,-102.669167,0.9107385519368556
2701212,32.991111,-102.955834,0.860920222166512
2450403,33.1814028,-102.8534306,0.8429540099362762
2450406,33.183611,-102.851389,0.8427264061066397
2411802,33.791389,-102.679444,0.8566772461579992
2418308,33.731389,-102.752223,0.834525310590686
2524304,33.709723,-103.020278,0.9973294748201312
2417503,33.688889,-102.921389,0.8416443053211785
2418502,33.680278,-102.83,0.8400673543116302
2427902,33.53,-102.628333,0.847410055996087
2427903,33.505,-102.6283333,0.858827626129357
2428401,33.571944,-102.618055,0.8309317975139655
2428402,33.571667,-102.620555,0.8418259879357132
2524601,33.707223,-103.0225,0.8380787858095177
2420103,33.749167,-102.615278,0.8656534675791913
2436105,33.4725,-102.618611,0.859092699414096
2419703,33.663889,-102.721944,0.8729391366315957
2425101,33.6172222,-102.9961111,0.8235222042306763
2433802,33.396389,-102.939445,0.8965866214531368
2803604,32.9466667,-101.6522222,0.8559606502095211
2812105,32.845556,-101.622778,0.8544837272966007
2812402,32.830975,-101.5851472,0.8656605781846537
735801,35.416112,-102.678055,0.6410466638196528
742902,35.253612,-102.752501,0.735381365098752
744815,35.271111,-102.565834,0.7621111396642014
744501,35.3316667,-102.5705556,0.8533476811242081
635626,35.4380556,-101.6419444,0.0012465812083643783
635627,35.4280556,-101.6255556,1.2147429485129023e-06
635629,35.436111,-101.660278,0.008801843584712908
756404,35.191111,-102.088056,0.6676618586086422
756523,35.191111,-102.078333,0.6913079818611443
643604,35.311112,-101.628611,0.5671675745571765
643606,35.2983333,-101.6544444,0.5030625444562365
756524,35.1875,-102.078889,0.7380269673865355
649310,35.2430556,-101.8938889,0.7604206447741281
756202,35.2175,-102.077778,0.7866892834534722
756401,35.194167,-102.112223,0.6777613951525476
756501,35.206667,-102.063889,0.7700388362870512
756525,35.190834,-102.073055,0.6621330720660341
649603,35.185278,-101.912778,0.7069618731486595
636401,35.420278,-101.622778,0.025902890576443006
753224,35.241667,-102.421111,0.6982525699092181
1137308,34.479722,-101.416944,0.6450378872085911
1131402,34.5522028,-101.2422722,0.7142208807459329
2759105,32.105834,-102.744167,0.7960608026532939
2737201,32.475278,-102.453889,1.0
2746201,32.350278,-102.316667,1.0
2733201,32.4711111,-102.9455556,0.7266892119574698
2733202,32.4705556,-102.9541667,0.7844788116101197
2736211,32.4650556,-102.5786944,0.8389223091551613
2738603,32.4355556,-102.2627778,0.8575075955840151
2751504,32.205001,-102.691389,0.7994054461125454
2750502,32.17,-102.8086111,0.825919238327949
2750601,32.181111,-102.772222,0.8282381103155472
2750903,32.151945,-102.767222,0.7766519818593615
2751401,32.1872222,-102.7466667,0.8099391049635838
2751601,32.1986111,-102.6555556,0.8065161621637216
2751701,32.1511111,-102.7394444,0.7973798284868443
2752401,32.1675,-102.6113889,0.8209979319234827
2746501,32.3008333,-102.3236111,0.7672587702134079
2754502,32.2005556,-102.3183333,0.6566705184171587
2734301,32.481667,-102.776111,0.8249764947030697
2737106,32.4752222,-102.4613333,0.8173496617586068
2743701,32.2722222,-102.7338889,0.765666739600687
2734101,32.480278,-102.847778,0.8205074062695231
2736201,32.477778,-102.553056,0.8426167160174145
2736208,32.468889,-102.555001,0.8401553498475953
2738101,32.4780556,-102.3522222,0.8362453919274208
2738604,32.440278,-102.269444,0.8578567223465476
2738802,32.4163889,-102.3186111,0.802027818153768
2739404,32.4459333,-102.2113833,0.8612996403261682
2739405,32.451389,-102.215001,0.8610819914920124
2744217,32.364445,-102.559723,0.7764180550662952
655801,35.1577778,-101.2036111,0.5395740779738776
1105103,34.968889,-101.459167,0.6797471105289347
652506,35.173611,-101.563334,0.6990304316772018
661608,35.044445,-101.383334,0.5578843245967656
662302,35.106389,-101.275278,0.46136286123941567
662702,35.038056,-101.361667,0.5522179237367063
1104101,34.989167,-101.593334,0.7540532365608534
1105201,34.9713611,-101.4451944,0.6534165240883971
1106804,34.9136111,-101.3211111,0.6178475082168388
1107401,34.916944,-101.229167,0.5751702395131474
1112511,34.819444,-101.546389,0.74458292828118
1112522,34.792778,-101.542778,0.7573223031132154
1112701,34.7783333,-101.6166667,0.7710530574726452
1112801,34.778333,-101.546111,0.7566365519153543
662103,35.096945,-101.364723,0.5804140241119551
1058502,34.070555,-102.829444,0.9720992845190868
1058603,34.064167,-102.780278,0.970986697657908
2409604,33.833055,-102.916389,0.9741599707728925
2409301,33.868055,-102.898611,0.821763789742477
1043911,34.284722,-102.639722,0.8729072833996099
1050511,34.1758333,-102.8266667,0.8366540336536785
1059404,34.078611,-102.742778,0.8430186489346094
1059603,34.063612,-102.642778,0.8438420483481851
1049606,34.196667,-102.909445,0.8408478306158147
1051205,34.238334,-102.679444,0.8407047801956206
1041604,34.308056,-102.879167,0.9193430482490339
2409203,33.838889,-102.945,0.9739440113155057
2409204,33.839445,-102.951112,0.9739257114822067
2401702,33.902223,-102.968055,0.8791050052924507
1051905,34.142222,-102.643611,0.827729014115625
1051910,34.1427778,-102.6352778,0.8269849214087907
1052701,34.154445,-102.615001,0.8203793886474998
1051711,34.134167,-102.726667,0.8501948864152578
1051606,34.190556,-102.663612,0.8479383038232373
1041801,34.2775,-102.934445,0.855342565988321
1049306,34.216112,-102.908334,0.861727901344479
1041603,34.301945,-102.901389,0.8303783901324072
1049104,34.230555,-102.981389,0.8430438671411805
2411301,33.852778,-102.641111,0.7853315507636587
1051426,34.196111,-102.728611,0.8413894009369435
2403101,33.9775,-102.745,0.9362389307421554
1057401,34.045,-102.964445,0.8127241441399997
1057801,34.003889,-102.955834,0.8221415022330527
956308,34.2121361,-103.0338389,0.8907815415417402
956602,34.205278,-103.029444,0.8909290535456457
1049208,34.213334,-102.942222,0.8940911946258165
1049209,34.213334,-102.956112,0.8929649083240375
1051423,34.203056,-102.745834,0.8961546375895302
1051517,34.176667,-102.698889,0.8867001167834648
1052410,34.17,-102.621389,0.8953660449939702
964301,34.0925,-103.021111,0.9248549378416865
1042906,34.286667,-102.779444,0.9247643611490255
1058902,34.034167,-102.787222,0.8048104900502796
2827509,32.546945,-101.666944,0.8207055269620896
2803901,32.9011556,-101.6520278,0.3637536232565587
1121603,34.676111,-101.384167,0.7382105482081335
1130801,34.510556,-101.315001,0.6678532650265172
1137701,34.3909278,-101.4609667,0.7030105591787439
1137848,34.376667,-101.443056,0.6913399263703908
1137942,34.405556,-101.376389,0.6201622894465028
1138228,34.475,-101.308056,0.656452147663123
1138336,34.473889,-101.273889,0.6448331903026944
1138836,34.405834,-101.311945,0.5965456220892525
1139534,34.453889,-101.195,0.5455868568605137
1145515,34.319167,-101.435834,0.6392466051889838
1146501,34.318889,-101.293889,0.5204581809734251
1020304,34.745834,-102.502778,0.6529862879443545
1021402,34.691945,-102.495556,0.6855150759060875
1021501,34.6825,-102.4425,0.7306512423204594
1021803,34.6463889,-102.4472222,0.766099014996421
1024105,34.716944,-102.085556,0.802054948582822
1024802,34.656667,-102.059445,0.8038063823103822
1024804,34.640556,-102.050556,0.8042540084590296
1024805,34.633334,-102.050556,0.8045270224562978
1029302,34.606945,-102.403889,0.5092809822640492
1029603,34.567778,-102.405834,0.42071574785737365
1029901,34.512778,-102.407501,0.5214587937882355
1030608,34.546389,-102.285,0.4895532504284684
1031502,34.544445,-102.186389,0.6509909567766395
1031803,34.52,-102.1775,0.5565090703525633
1032201,34.6127778,-102.0683333,0.7977067052574245
1032202,34.619444,-102.050556,0.8049814555683493
1032703,34.5252778,-102.1236111,0.60805114476225
1040101,34.473333,-102.108056,0.6377063236833689
1048102,34.333889,-102.095834,0.5619999800000605
1048302,34.352501,-102.038334,0.7017923579717379
1048303,34.365556,-102.003056,0.8253983720197307
2409602,33.816389,-102.907501,0.9742483601769679
2409801,33.761945,-102.956389,0.9736575504059376
2409901,33.765001,-102.896945,0.9746863126334808
2411803,33.753334,-102.669722,0.9764486374208362
2418601,33.6884444,-102.7827472,0.9745448635129151
2419902,33.642222,-102.644445,0.9765870994999167
2426402,33.571667,-102.857501,0.9522938049671719
2428104,33.600556,-102.62,0.9764807335826327
2428702,33.505834,-102.621111,0.9751135581176452
2435203,33.487778,-102.694445,0.9753093614903713
2436401,33.4575,-102.62,0.9772524213837084
2419303,33.7191667,-102.6469444,0.8816675232147502
2436102,33.473055,-102.616112,0.9767331846460477
2411403,33.8072222,-102.7430556,0.8372389246406956
2417801,33.638056,-102.921667,0.8502273489204796
2329403,33.556112,-101.462778,0.7543910593064984
2328312,33.592778,-101.536111,0.845282362670358
2321710,33.665278,-101.468611,0.8697810040502015
2322402,33.6746444,-101.3493,0.8176423152586778
2322906,33.662778,-101.268055,0.7616581411852993
2329202,33.618333,-101.434722,0.9116687492912459
2329302,33.602778,-101.393889,0.8698259777334858
2322504,33.6747167,-101.3225694,0.5623999817121471
2329703,33.539445,-101.463056,0.887539353619298
2312902,33.7672222,-101.5077778,0.5797916893679357
2313503,33.796111,-101.444722,0.5462287100729283
2313706,33.782778,-101.490556,0.4953363748410639
2313803,33.777222,-101.456945,0.5746784313821623
2315401,33.819167,-101.239722,0.3545528400912081
2315501,33.8213889,-101.205,0.299430719917162
2315601,33.825555,-101.159723,0.35472450612939854
2320614,33.669722,-101.530555,0.6127123718418054
2321202,33.738611,-101.456389,0.6252150111863046
2322103,33.740278,-101.346389,0.6225596157717369
2322503,33.6794444,-101.2980556,0.3981266457768351
2322702,33.659723,-101.342222,0.42929728593086747
2324401,33.698056,-101.098334,0.3594767659107856
2312607,33.82,-101.509723,0.6623891275315121
2313606,33.7975,-101.3875,0.5712643504942754
236602,36.454167,-102.540834,0.7701045085948084
243601,36.296667,-102.630555,0.6676532314915877
243701,36.255001,-102.745834,0.7729300130024993
244801,36.270555,-102.555278,0.7036294608706798
252701,36.13,-102.622222,0.5777406549180606
253501,36.188334,-102.456945,0.3082781576959578
253702,36.1336111,-102.4733333,0.25443411542989136
260302,36.084167,-102.501389,0.1326890636587768
233915,36.413056,-102.890834,0.885919210925872
234710,36.386389,-102.838334,0.9177669653997437
237201,36.476111,-102.449722,0.9411164467573135
239101,36.497222,-102.242222,1.0696027102854372e-10
242704,36.277778,-102.867222,0.8995753062590409
242904,36.274444,-102.768333,0.9089949440776377
253901,36.137222,-102.409445,0.6644930863257079
258301,36.083889,-102.789445,0.8074253217445087
260607,36.067778,-102.531389,0.25449393674610576
260609,36.0613889,-102.5325,0.1926360999696958
258106,36.088334,-102.874722,0.4646118884029841
260502,36.0638889,-102.5480556,0.03437596195727182
260503,36.0613889,-102.5425,0.03366468587811056
260610,36.061112,-102.537222,0.027291009712068076
233701,36.3938889,-102.9625,0.2636777069448907
257303,36.093889,-102.887778,0.28464897466467093
261101,36.095,-102.488334,0.06560878013823132
234712,36.386945,-102.841945,0.7599978676666677
235204,36.4641667,-102.6822222,0.7851682570816229
235206,36.4636944,-102.6829167,0.7736334090589548
235207,36.4636389,-102.6844167,0.7900223906645228
263501,36.071389,-102.194445,0.45381718463268617
245502,36.310834,-102.455834,0.5961654895489655
237602,36.428333,-102.391389,0.7450582981547627
258305,36.111945,-102.782778,0.2590202877352629
156906,36.1419444,-103.0111111,0.7373138923433209
251504,36.168889,-102.681667,0.5008431257744007
242202,36.3644444,-102.7988889,0.6437630380164201
251707,36.140834,-102.717778,0.286062835506728
156309,36.2438889,-103.0316667,0.8732718145177985
2217102,33.7336111,-100.9947222,0.4290141253798978
1201656,34.931389,-100.882778,0.4363597206987786
1212401,34.816944,-100.605556,0.2828375967384031
549504,35.1825,-100.939722,0.0002942158884901559
549607,35.168055,-100.903056,0.00043952208414550943
2608505,32.950278,-103.056667,0.9723881750204179
2704505,32.9427778,-102.5627778,0.9777839119201558
2706512,32.938889,-102.295556,0.9774276407855815
2728301,32.587222,-102.536389,0.9655638970751717
2701910,32.893889,-102.901667,0.8610453313267442
2704518,32.936667,-102.575278,0.8592211885171577
2711605,32.8327778,-102.6413889,0.8393145537715048
2702807,32.888889,-102.799445,0.8519827992550122
2624507,32.682778,-103.057223,0.9975108746737871
2702811,32.900556,-102.794722,0.9986603237131014
2703501,32.948056,-102.670278,0.9985652302410497
2703705,32.911112,-102.722778,0.9985651393425297
2705527,32.9226972,-102.4181889,0.9986397849085258
2711205,32.8425,-102.699722,0.9985639581562337
2711206,32.848611,-102.670278,0.9985857558388801
2717213,32.714445,-102.945,0.9981501272184888
2717511,32.6925,-102.919444,0.99822965600818
2718519,32.703334,-102.818611,0.9984764093468155
2719126,32.726389,-102.744445,0.9984158989223426
2719127,32.725,-102.741945,0.9985355869092345
2720110,32.724722,-102.589722,0.9985184377100411
2721702,32.6467194,-102.4671528,0.9983451697861626
2725103,32.598056,-102.9975,0.9969223094308823
2726404,32.5677778,-102.8438889,0.9982150190867338
2727518,32.577778,-102.679444,0.9983433453601533
2730102,32.611945,-102.341389,0.9980884519663246
2719713,32.630555,-102.740834,0.824747002115149
2726507,32.571944,-102.805001,0.8372115447713194
2702507,32.924444,-102.795,0.8551832141387391
2720601,32.694722,-102.533055,0.8216794578079002
2702908,32.914723,-102.790556,0.866997801129025
2717212,32.726389,-102.9325,0.8319655157369844
2712201,32.846111,-102.549722,0.8560240539695025
2717702,32.610834,-102.995834,0.7344498083196488
2720108,32.7225,-102.589445,0.8531695755187829
4402301,31.9775,-101.755556,0.8217727833265815
4402309,31.990834,-101.759167,0.8152960296792372
4403406,31.940556,-101.74,0.7105858631856423
2860811,32.040834,-101.545834,0.8285125509783883
4403102,31.959723,-101.733334,0.8438163230241748
1160204,34.0925,-101.578055,0.7963980866105002
2416315,33.838056,-102.028889,0.8454908347662735
1151901,34.157501,-101.644722,0.7698667675691477
2301802,33.915278,-101.940556,0.7511866582632958
1152208,34.238334,-101.574444,0.9097525504013151
2311202,33.8735833,-101.6912222,0.7762787007940549
1157603,34.062778,-101.891945,0.9243356052214565
1160403,34.082222,-101.587778,0.9059501966958557
2311201,33.872222,-101.693889,0.8777631116107478
1056203,34.231111,-102.049167,0.8614174589432089
1056306,34.247778,-102.029167,0.8683413685662611
1064205,34.122778,-102.076389,0.8963000371498809
1151510,34.1872222,-101.6963889,0.8357507788188838
1149512,34.187778,-101.961112,0.7663570575586642
2312108,33.849167,-101.592222,0.41126287497671393
2408301,33.9925,-102.014723,0.7032710377041388
1141602,34.296945,-101.883055,0.7914667047406609
1141903,34.280833,-101.900834,0.7630205029893544
1141904,34.27875,-101.9013611,0.7828229436999931
1143704,34.28,-101.716389,0.7634243891180679
1150507,34.189722,-101.828055,0.7414222844508287
1151512,34.1835833,-101.6768889,0.6944208061595477
1157102,34.107778,-101.991389,0.7832569199130045
1158103,34.110834,-101.853056,0.7340516062229534
1158204,34.083611,-101.818055,0.7233661403271299
1159404,34.079167,-101.739722,0.7512967952869719
1159505,34.066667,-101.695834,0.8063258736178625
2301201,33.992778,-101.957501,0.6967637065459638
2302410,33.934722,-101.854445,0.6909655696504123
2303201,33.977778,-101.676944,0.8164718456886003
2312106,33.8662778,-101.6000556,0.6177903839211023
2408602,33.941111,-102.010556,0.7466044189604529
258803,36.0225,-102.8158333,0.3926639819801571
717701,35.6577778,-102.9894444,0.8244787802438356
257602,36.0458333,-102.91,0.5054000984387552
261401,36.054723,-102.487222,0.20771006201354103
709101,35.863889,-102.964723,0.8281364744330671
710201,35.866112,-102.804723,0.6116080768976285
713602,35.8236111,-102.4097222,0.31776351101174555
722201,35.725278,-102.310001,0.14357561568954205
717901,35.6536111,-102.8997222,0.7596387163878514
260801,36.007501,-102.576667,0.020545503648490435
712101,35.8391667,-102.5991667,0.8108354562237637
710302,35.838056,-102.765556,0.48825137367781474
521602,35.678333,-100.400834,0.2530009064498564
514705,35.759445,-100.371389,0.2124065112245602
506704,35.913056,-100.374722,0.4126797075420194
504601,35.944445,-100.529722,0.3656753376887571
505920,35.915556,-100.393056,0.27162684727900804
462701,36.026111,-100.341389,0.49709889154003983
462908,36.011112,-100.264723,0.47798829227937795
439606,36.4319444,-100.1444444,0.14965345118768167
456601,36.180555,-100.040278,0.19791147356287506
440502,36.4491667,-100.0511111,0.3862841568245236
436603,36.452778,-100.539722,0.08806395276785811
439402,36.451112,-100.221111,0.10246578122526676
462403,36.078055,-100.337222,0.5043856867755804
439607,36.435278,-100.146389,0.0694553411096639
461102,36.120555,-100.475833,0.5091191578565949
464306,36.116667,-100.025278,0.0997217700072515
2319813,33.662778,-101.691945,0.8059698736683715
2319815,33.6600278,-101.6815,0.8315081553596066
2325904,33.511667,-101.885834,0.8092998760117802
2326611,33.562501,-101.783611,0.8193021472724046
2333803,33.397778,-101.933611,0.8271572142815892
2334404,33.450278,-101.848334,0.8289478927169981
2334908,33.400001,-101.769167,0.824326752441225
2335506,33.425,-101.674167,0.8144068351133188
2335710,33.412223,-101.713889,0.8115207631318984
2440208,33.49,-102.059445,0.8556377528569031
2440504,33.441389,-102.0425,0.8539876402621124
2317412,33.6795,-101.9893611,0.860214040111828
2319704,33.649722,-101.740834,0.8674635986799866
2432911,33.5086111,-102.0044444,0.8975746501194696
2327720,33.5355556,-101.7111111,0.8497973257728818
2335504,33.4175,-101.672778,0.23908859065194416
2318303,33.746667,-101.785556,0.8009187783615851
2309504,33.795556,-101.939445,0.8064594912852258
2310503,33.802223,-101.82,0.8032690219370549
2318302,33.748056,-101.786667,0.7417882185055015
2318409,33.699445,-101.845278,0.8140566922259377
2319706,33.684722,-101.666112,0.7432215627520492
2320805,33.665001,-101.578611,0.7194981707446749
2424804,33.6505556,-102.0438889,0.8204387387335379
2310502,33.798334,-101.814723,0.7777116945954621
2311402,33.812778,-101.717778,0.7038247805856758
2311801,33.766389,-101.705834,0.7078205043032644
2312404,33.826667,-101.596945,0.7403472782143211
2320403,33.707501,-101.596111,0.7035265219203982
2328203,33.609167,-101.581389,0.9693964451423357
2336201,33.496389,-101.580833,0.9650057392915566
2424802,33.650556,-102.061112,0.977227812727702
2432319,33.619167,-102.010278,0.9759529717863441
2440308,33.490834,-102.008889,0.9771993050245086
2325507,33.574444,-101.934445,0.9404014487584297
2325509,33.571944,-101.933055,0.9366244689882455
2827705,32.514723,-101.713889,0.8230579929955919
2850704,32.1502778,-101.8344444,0.8195114681912977
2732801,32.512223,-102.058334,0.9696069327473195
2834701,32.387222,-101.843611,0.9456277151590138
2841204,32.363334,-101.933334,0.9698060657359985
2849807,32.1563889,-101.9455556,0.9674633764989691
2849909,32.1455556,-101.8969444,0.969876612633206
2858109,32.101667,-101.866667,0.9410653325449521
2825705,32.512501,-101.961945,0.849986941588987
2748106,32.373889,-102.109167,0.8841419489018062
2833702,32.3975,-101.958334,0.8530268452943387
2739907,32.381944,-102.143889,0.973213725534507
2756401,32.173611,-102.110834,0.724577305183537
2841503,32.314723,-101.933611,0.8134659009249233
2739901,32.378105,-102.140539,0.8396455332747437
2858306,32.116667,-101.771944,0.8328421265040343
2850301,32.232222,-101.765556,0.710247582525679
2842705,32.288889,-101.855278,0.8158179576374082
2732701,32.521944,-102.099445,0.7754211667854142
2763501,32.044445,-102.183055,0.9630761199348099
2857802,32.015834,-101.946389,0.9439372786793453
2858402,32.0635778,-101.8672833,0.950773363984595
4508510,31.945,-102.058612,0.9540768758815046
2764403,32.076389,-102.105556,0.7506169511383008
2764804,32.035738,-102.072032,0.8078868581059062
2857703,32.0341667,-101.9980556,0.7294815316760384
4507602,31.9225,-102.1402778,0.7345786840129829
4507415,31.9375,-102.210556,0.9447852591399781
2762608,32.046389,-102.2725,0.7567576823065817
2763901,32.0110306,-102.1407194,0.7315269415336446
2763507,32.048334,-102.18,0.873444171896602
2857903,32.004445,-101.874167,0.8842003052296731
4508511,31.956112,-102.078333,0.7418827669088524
4401605,31.920833,-101.916112,0.6719612763939607
610601,35.8297222,-101.7688889,0.8842573134676649
603114,35.960001,-101.741945,0.709230642004611
617704,35.6355556,-101.9608333,0.7890464256018237
618501,35.6872222,-101.7966667,0.8619609827483461
457302,36.085556,-100.899722,0.16256157195910656
1101504,34.943056,-101.920833,0.8398590666839285
657712,35.011945,-101.978889,0.7789357835467947
763925,35.030833,-102.131667,0.8376107484616482
763927,35.022778,-102.128611,0.8385543758599141
763929,35.029167,-102.1275,0.8385389805663367
764622,35.0419444,-102.0291667,0.8517766609673807
764802,35.038056,-102.044167,0.8509102200303751
764911,35.038889,-102.025555,0.8519300023617008
764913,35.041111,-102.037778,0.8512822836308964
764915,35.04,-102.034167,0.8514826453272206
764918,35.036945,-102.0375,0.8511665345930381
764123,35.107778,-102.107778,0.20779393280470657
764308,35.117222,-102.019167,0.2234450028387084
764309,35.110556,-102.010556,0.2200226289399762
649805,35.132222,-101.926389,0.6402200034083158
764912,35.036667,-102.025833,0.6576137750732187
764914,35.034445,-102.030278,0.6570865537327505
764916,35.031667,-102.031944,0.6568132650048976
1008414,34.922222,-102.089722,0.8254796666272646
649808,35.154167,-101.937778,0.7754656430187561
657206,35.124444,-101.938611,0.7987061148783071
657212,35.111945,-101.956389,0.8078601917521491
657505,35.046667,-101.934445,0.7785717770245799
657536,35.061945,-101.935278,0.7668077095075014
657825,35.020833,-101.948611,0.7573554912864666
658404,35.072222,-101.851667,0.8055908109445917
658405,35.073333,-101.852778,0.805964441045043
659503,35.078055,-101.703056,0.7741944051279848
756743,35.166112,-102.099167,0.6948310700904892
763906,35.022778,-102.1325,0.8020150953545928
763930,35.018889,-102.131111,0.7873677136980405
764103,35.124444,-102.115001,0.7782520994988111
764625,35.053889,-102.007223,0.7670713975473079
1102501,34.9194444,-101.8297222,0.8133472573746264
1109608,34.793611,-101.893611,0.8200655655863844
1111409,34.806112,-101.740278,0.8034618342478338
650811,35.135556,-101.832778,0.6243317277529716
650911,35.1661111,-101.7805556,0.7571235143649409
657102,35.087222,-101.9875,0.8432665752833167
657110,35.102501,-101.97,0.8463654830242751
763626,35.042778,-102.1475,0.8355311970220803
763907,35.0375,-102.132222,0.8422275440210971
764124,35.108334,-102.115001,0.8353124429491098
764129,35.101945,-102.115001,0.8150986936909865
764307,35.116944,-102.010834,0.8503525201875268
764604,35.0725,-102.020555,0.8324154729053747
1111624,34.805278,-101.661389,0.8329188206079076
649713,35.1325,-101.992222,0.7898055693672211
649714,35.132222,-101.986111,0.7929930531773834
649715,35.1325,-101.974722,0.8017540129089052
649719,35.1325,-101.9744444,0.7808190107347515
650910,35.141389,-101.758612,0.732815724860172
651803,35.1461111,-101.6794444,0.7619719989310636
657101,35.085278,-101.9925,0.7620470562897667
657202,35.115556,-101.953612,0.798350685568254
657207,35.117222,-101.948889,0.7572088266296856
659201,35.1033333,-101.6858333,0.7555646548070203
756916,35.125278,-102.028889,0.777695119583459
763305,35.116667,-102.132778,0.78582036108767
763328,35.088611,-102.155834,0.8051734855969646
763601,35.058334,-102.132222,0.7952949772189464
764128,35.095556,-102.115278,0.7895645250970702
764136,35.117222,-102.124444,0.7656379048788668
764306,35.117222,-102.000834,0.7940147660403678
764321,35.117778,-102.041945,0.8010806048456596
509807,35.7715028,-100.9423472,0.0292718657121541
624355,35.733525,-101.0212667,0.005515268920089332
248704,36.254723,-102.114723,0.17091237462856712
256901,36.150278,-102.04,0.8625859385518624
357302,36.108889,-101.908612,0.5738934597582086
349703,36.136667,-101.980278,0.6815362607291223
239605,36.444445,-102.149167,0.46027307435351345
256203,36.238611,-102.044445,0.6681452417709035
334303,36.496111,-101.787778,8.71241219977466e-12
334802,36.415001,-101.826389,0.7563305467756081
342302,36.358334,-101.764167,0.2447095635809812
350504,36.201112,-101.823333,0.5014710526453539
341203,36.3425,-101.935834,0.5263306156646324
1125305,34.5916667,-101.9086111,0.8279539612340324
1134106,34.470278,-101.858056,0.8524584254514743
1118109,34.748056,-101.846111,0.8324223330850897
1118704,34.631667,-101.866944,0.8073857477404066
1119745,34.646389,-101.746111,0.7960455909160721
1125703,34.530833,-101.974167,0.8163237855547352
1126311,34.604723,-101.758612,0.785665645614467
1126505,34.544445,-101.8225,0.777084753429686
1128509,34.548611,-101.546389,0.7431634465480361
1129102,34.615278,-101.487778,0.742902609469162
1134501,34.445556,-101.823611,0.7831385685596466
1141405,34.321389,-101.993334,0.7631537469228585
1117807,34.631944,-101.955278,0.8282428030767819
2446501,33.327222,-102.326389,0.8959240146483658
2454605,33.1872222,-102.2716667,0.8973709775129349
2444802,33.260278,-102.576111,0.8811377145492236
2453103,33.227778,-102.464445,0.8798128505147202
2454609,33.1833333,-102.2619444,0.8582470011487071
2454610,33.168611,-102.276111,0.853820358678273
2454907,33.148611,-102.273889,0.8576520371092191
2455202,33.2375,-102.168333,0.7619976210725411
2455302,33.2375,-102.153334,0.7527253362263778
2461502,33.045834,-102.431944,0.8584244559344868
2461503,33.044167,-102.433611,0.8584225941912296
2461703,33.019444,-102.4675,0.8630681227383192
2461704,33.021944,-102.462223,0.8669199544950293
2462202,33.1225,-102.293056,0.862640322125238
528303,35.603889,-100.505278,0.06818059511112806
538511,35.456112,-100.308612,0.15346741956902077
538512,35.4527778,-100.3083333,0.15806049472591804
539705,35.401945,-100.245,0.8732885571513107
539706,35.403889,-100.249167,0.9146167991600969
2608205,32.965278,-103.061945,0.8459040838552239
2548803,33.261389,-103.057501,0.7697904830172688
2707606,32.924722,-102.126389,0.842375886465797
2707607,32.9322222,-102.1277778,0.8443063406472682
2809601,32.8110361,-101.9148194,0.8568576680710016
2732601,32.5602778,-102.0197222,0.8401171119131631
2732702,32.5411111,-102.1177778,0.77452129357117
2802801,32.886667,-101.831111,0.81071064200832
2809804,32.7569444,-101.9580556,0.8651522169639907
2817115,32.7316667,-101.9766667,0.8557193659088967
2817509,32.699445,-101.931667,0.8634099272876007
2818101,32.745,-101.866389,0.8408107868184461
2825902,32.535278,-101.898334,0.8416764811626065
2827201,32.6141667,-101.7008333,0.8313273519748212
636703,35.3841667,-101.5966667,0.00015391230764315986
636707,35.383055,-101.607501,4.2226380558239196e-05
636922,35.4144444,-101.5036111,0.00021962512152081892
637412,35.430833,-101.4975,5.085810120831644e-05
644203,35.371389,-101.5475,0.00015073076136755889
644204,35.359445,-101.556389,0.00040458159600169943
644205,35.365278,-101.556112,5.3100553856167055e-05
644958,35.278611,-101.539445,0.49980221937539043
631505,35.566389,-101.17,0.2583757977019475
638512,35.450278,-101.300834,0.004014450091918118
636810,35.385,-101.566389,0.00014496023476148195
636811,35.3925,-101.5675,2.350477910542047e-05
636812,35.384445,-101.559723,0.00020255614272134332
636813,35.3925,-101.560001,0.00018931471398091372
636820,35.405,-101.5513889,0.0010960483652266864
636905,35.402778,-101.525,4.215767930089342e-06
636907,35.404445,-101.508889,0.00020042692889229205
636909,35.3969444,-101.52,0.00016013773684517117
636910,35.3972222,-101.5113889,4.369122999985776e-05
636912,35.385556,-101.541111,0.000305408670489696
636913,35.391389,-101.541389,0.00015986426135768515
636914,35.395556,-101.524444,3.075774883494153e-05
636920,35.402778,-101.52,2.7307031190261628e-05
636921,35.408334,-101.519444,2.945052055965961e-05
637413,35.4372222,-101.4975,0.0009636001423166805
637414,35.419444,-101.488889,1.541925226551066e-05
639604,35.450834,-101.135834,0.1163927701813402
644206,35.365556,-101.544722,1.8745240752635744e-05
644304,35.36,-101.5211111,0.0005036290499599946
644310,35.350278,-101.514445,0.0006884777502994861
644701,35.266389,-101.596111,0.6763574955779924
644763,35.266112,-101.603612,0.7206114677208133
645517,35.328055,-101.445,0.00017000302890627893
652201,35.230278,-101.560834,0.6957806764696739
655204,35.209167,-101.205001,0.005560032192309186
636807,35.3983333,-101.5561111,0.00022968492354262117
636808,35.3827778,-101.5502778,0.00016195018038899864
636809,35.391111,-101.551112,0.00015664040922687577
636816,35.3788889,-101.5566667,4.432388214257937e-06
636817,35.3777778,-101.5433333,5.580611732947866e-05
636819,35.407223,-101.545278,6.754416915615225e-06
636915,35.386111,-101.532778,0.0003519106353433882
636916,35.392778,-101.532778,0.00016293717986998532
644207,35.359445,-101.544445,2.4082712047965445e-05
645315,35.349167,-101.394445,0.001153730977545563
646306,35.369722,-101.261112,0.004199628464396696
647512,35.300556,-101.1775,0.1847500397042585
639511,35.420833,-101.186111,5.260607612382055e-06
644305,35.360001,-101.515278,0.00021614122584219384
644306,35.360278,-101.508612,0.00046798653756492935
656409,35.202501,-101.113889,0.001379190384189017
757601,35.062501,-102.901667,0.8088771180310368
762823,35.006389,-102.313889,0.8083710580600344
1007806,34.896389,-102.185,0.9247697487948722
1009701,34.776944,-102.963056,0.9038551800251625
763203,35.099722,-102.168611,0.7650068801280454
763204,35.102223,-102.176667,0.7911800800047748
1001401,34.9302778,-102.9752778,0.7449014365494221
1004603,34.925278,-102.523611,0.6989550405730065
1013536,34.805001,-102.420555,0.616901731734074
750401,35.177222,-102.854445,0.7952464446803481
751401,35.1669444,-102.7455556,0.7752261368560116
758402,35.061389,-102.853612,0.7574315436410948
758601,35.0475,-102.7638889,0.6209126724318372
760101,35.1019444,-102.6055556,0.48395084799104804
760102,35.102501,-102.600278,0.4845451409789967
760901,35.031389,-102.5175,0.75482780862703
761115,35.086667,-102.490278,0.5144954806466592
761224,35.103889,-102.436389,0.7490211322237006
761601,35.071667,-102.393056,0.7824984494038247
761902,35.011945,-102.398056,0.5155166492250269
762201,35.085,-102.311112,0.8040807928762933
1002502,34.9286111,-102.8166667,0.6940278733125925
1003201,34.975,-102.671111,0.550223405248496
1004202,34.999167,-102.556112,0.6212778303164204
1005225,34.969722,-102.438056,0.6303541379971576
1005905,34.902501,-102.407223,0.48138739888522963
1006302,34.986111,-102.255278,0.79177243139091
1006403,34.935278,-102.359445,0.6160550242984131
1011403,34.795,-102.7091667,0.7718294085219
1012302,34.852223,-102.506112,0.7253108131975419
1013233,34.835,-102.420278,0.5310549036590596
1013509,34.829722,-102.439445,0.38550723524957864
1013601,34.827778,-102.400556,0.7434792299295573
1013607,34.820278,-102.401389,0.8173129839292052
1013618,34.801945,-102.399445,0.6501517059219796
1013806,34.779167,-102.445834,0.5658069132033113
1014101,34.844445,-102.335278,0.7912731076353704
1021201,34.749722,-102.424167,0.6788627135885724
763205,35.109445,-102.176667,0.7322314534486758
1003601,34.919167,-102.650556,0.5233325156672308
755703,35.16,-102.2255556,0.7140017879825196
763202,35.094722,-102.202778,0.8398149495565065
763206,35.116667,-102.176667,0.8147476330935446
763207,35.116667,-102.168611,0.8140687679497854
763209,35.109445,-102.185556,0.8344864336294111
763210,35.115834,-102.185556,0.8367552964548064
753629,35.168333,-102.399445,0.6969924198569396
2344926,33.269722,-101.500001,0.7902792371994015
2421702,33.6544444,-102.4880556,0.8873397876444951
2428901,33.511112,-102.514723,0.8947611321762324
2430202,33.590556,-102.300278,0.8935532743077341
2414703,33.754723,-102.334722,0.9747157780673001
2414802,33.755556,-102.327222,0.9733583437345105
2420201,33.741111,-102.556112,0.9763106152592572
2420202,33.725,-102.541945,0.9769051896569378
2421905,33.6405556,-102.3752778,0.9766945767221046
2428103,33.604723,-102.601112,0.9767256972342497
2429604,33.549722,-102.392778,0.9761680187953586
2430104,33.584167,-102.366389,0.9757676285572939
2430409,33.573055,-102.358056,0.9764349003113028
2430414,33.561667,-102.374444,0.9755057689971836
2430901,33.523333,-102.267778,0.9773790318004921
2431502,33.571111,-102.172222,0.9743683278792107
2432702,33.506945,-102.115834,0.977220224185872
2437403,33.451667,-102.486667,0.9774600968744201
2440405,33.44,-102.125278,0.9774132380311479
2428501,33.560278,-102.565834,0.8560247184401618
2429401,33.544167,-102.470278,0.8625474022614406
2430405,33.5830556,-102.3636111,0.8563859016230272
2439304,33.488889,-102.146111,0.8658423146743796
2439702,33.4074056,-102.2331917,0.8646985873873486
2440406,33.450278,-102.117778,0.8651087252469097
2428106,33.604167,-102.588056,0.8666643157837984
2420302,33.721944,-102.533055,0.941625641819795
2429304,33.588334,-102.396389,0.8623362413386938
2429322,33.588056,-102.394167,0.8631964188498574
2429321,33.593056,-102.394445,0.8292253358619759
2415617,33.816112,-102.161389,0.84824537322872
2420603,33.671389,-102.534167,0.8669824805341894
2430410,33.5794444,-102.3638889,0.8586284784877504
2431903,33.506667,-102.162778,0.852555672759291
2437101,33.461945,-102.475555,0.8618036574423235
2336806,33.376667,-101.566944,0.8578998959104569
2341205,33.349167,-101.947778,0.8887203145801237
2343407,33.3158333,-101.7288889,0.849729833402095
2351301,33.211112,-101.638334,0.7830683685883596
2803303,32.989167,-101.666944,0.7616871528073254
2341401,33.293611,-101.983055,0.8769223730016266
2341301,33.371944,-101.887222,0.9750803701003595
2341603,33.325,-101.9108333,0.972211666226362
2342404,33.328333,-101.854445,0.9670571522287035
2349101,33.2466667,-101.9802778,0.9725234211330515
2357803,33.022222,-101.928889,0.961526320021061
2801305,32.989722,-101.912501,0.9605312498860322
2802207,32.968889,-101.830278,0.9594087101084261
2358504,33.048056,-101.816389,0.7506524098926558
2349103,33.2163889,-101.9805556,0.9662075219959941
2803201,32.9747222,-101.6869444,0.8519488358264153
2344104,33.370555,-101.601667,0.8905167322328746
2352502,33.181389,-101.575555,0.14424145410459321
2464904,33.021389,-102.032778,0.7922630528447144
2351901,33.13,-101.631944,0.6945084330646553
2359102,33.109167,-101.736111,0.7382084801548601
2350602,33.2055889,-101.7857389,0.7432508617576566
2456601,33.167778,-102.038889,0.7974684553174891
2456603,33.1675,-102.0375,0.8029687404102474
2448203,33.340834,-102.072222,0.8570023541174786
2448204,33.341389,-102.074167,0.8560191544839224
2835511,32.4325,-101.678889,0.6717849169952325
2835603,32.439445,-101.661112,0.682413819307837
2844205,32.349445,-101.545,0.7644772544996341
2846401,32.3322222,-101.3530556,0.9467938330503602
2845701,32.29,-101.496667,0.7531626446815274
2846712,32.278889,-101.372222,0.7004181135904718
2853206,32.238334,-101.434167,0.8081222560176557
2838401,32.4219444,-101.3705556,0.7312414940764869
2836601,32.421944,-101.541945,0.8593299540570636
2836702,32.384722,-101.618055,0.7364795003428494
2837411,32.439167,-101.480555,0.8691170020076096
2838701,32.410834,-101.345834,0.8281625833444067
534205,35.469167,-100.796945,0.42344620402809025
534206,35.4725,-100.798334,0.4264881841882677
551101,35.2130556,-100.7294444,0.08458080079469282
526102,35.595,-100.8458333,0.27014300943547387
535706,35.380278,-100.715001,0.21772734325305743
552106,35.235278,-100.598611,0.04408470859706442
525401,35.5605556,-100.9933333,0.09249757382695994
525503,35.5541667,-100.9405556,0.13435502123014087
525706,35.515278,-100.963612,0.3360574052358996
525813,35.519444,-100.917778,0.13945841827993405
526615,35.581944,-100.756945,0.09322246735113356
527105,35.591945,-100.717222,0.08049440620993564
527702,35.5375,-100.750278,0.023623697976218737
541501,35.300001,-100.953889,0.605459818401458
640507,35.452223,-101.042778,0.37189466136292987
648501,35.331667,-101.051389,0.2519874856229374
534509,35.435556,-100.799445,0.3086981291922835
2708503,32.9419444,-102.06,0.8815824870991428
2715302,32.833611,-102.133889,0.9100424742003667
2731301,32.601945,-102.135834,0.9057040128542253
2731803,32.524444,-102.195278,0.8955900736545545
2826902,32.5408333,-101.7638889,0.8410860650832935
2724101,32.7097222,-102.1022222,0.8521851985392692
2801801,32.9005556,-101.9294444,0.8298378647417137
636818,35.398889,-101.545278,0.0008482681972692536
763211,35.1027778,-102.1852778,0.8192577967489524
1044503,34.298334,-102.543611,0.936180917589656
1044602,34.298334,-102.538056,0.9416549960180627
1044907,34.263889,-102.512223,0.9644965551378336
1045802,34.290834,-102.436389,0.9743589383057125
1060307,34.0938889,-102.5208333,0.9755468252896469
1061701,34.0175,-102.476667,0.9758822953844677
1063503,34.050556,-102.171111,0.9753426266496261
2404601,33.918333,-102.539722,0.9674925531375094
2407104,33.996111,-102.224444,0.9763755401246439
2407603,33.925833,-102.158056,0.975950331502151
2407604,33.926111,-102.154167,0.9766665581492031
2414102,33.847778,-102.345278,0.9735908599188762
2414604,33.830278,-102.262501,0.97345842696271
1045804,34.291389,-102.445,0.8173244083170944
1062603,34.049167,-102.280555,0.8593280707519976
1062704,34.031111,-102.348056,0.8551069625370038
2405102,33.965834,-102.481667,0.8276961005530655
2415301,33.836389,-102.146667,0.8621393919752767
1046704,34.259167,-102.360001,0.8559898176762852
1047702,34.270555,-102.221389,0.8835734694157675
1056101,34.246111,-102.093056,0.8890834320078977
2415108,33.874444,-102.208612,0.8971094141090505
1053608,34.191111,-102.410834,0.8515063478412261
1061201,34.1144444,-102.4186111,0.8537588626753756
1061604,34.055278,-102.407501,0.8526392664558807
1053903,34.140834,-102.379167,0.870850074536817
1044906,34.255001,-102.524444,0.9727046987321764
2412301,33.8497222,-102.5336111,0.8226512271995556
1053501,34.177222,-102.431111,0.8380767752473773
1060606,34.074167,-102.508612,0.8372307592257945
1062307,34.091945,-102.274167,0.797712041062745
1063203,34.085834,-102.1725,0.7867520755559658
2412302,33.8475,-102.5325,0.8138788260036179
2405201,33.996945,-102.425278,0.8728374049284001
2416103,33.851112,-102.110556,0.8963845106381211
2408701,33.898056,-102.099445,0.6885735294405674
1046502,34.310278,-102.305556,0.8277469549369164
1046604,34.303889,-102.290834,0.8141988805145334
1046605,34.299722,-102.291667,0.8213694634292462
1053312,34.239722,-102.410001,0.8650626140457137
1055605,34.175555,-102.133889,0.7922530674878266
1056403,34.168889,-102.101389,0.793075653850299
1063702,34.013612,-102.223333,0.8711281093392449
2408101,33.963889,-102.101667,0.8516067134955664
2405701,33.904167,-102.460278,0.7595188039510676
2413301,33.840834,-102.392222,0.8327694700736104
1054207,34.233334,-102.308056,0.8525407072471232
1054208,34.2325,-102.310278,0.7921738747588158
1062503,34.053612,-102.322222,0.8808245637684178
1052804,34.1555556,-102.5791667,0.9000285602073054
1052820,34.150556,-102.563056,0.8980740453950441
1054803,34.141667,-102.307778,0.8622542380770507
1062203,34.117778,-102.296667,0.875310322313833
1062209,34.107778,-102.296667,0.8761545429670448
1063102,34.090556,-102.222778,0.8542499142505963
2404301,33.966667,-102.536667,0.8503438278730971
2407606,33.928055,-102.158056,0.8562429831051169
657906,35.0241667,-101.895,0.8521256404678965
764301,35.117222,-102.028333,0.8447255610843911
764303,35.083611,-102.010278,0.8297748997396711
649712,35.139167,-101.986389,0.8475733010147983
649802,35.155001,-101.919722,0.8333896191447782
764122,35.104167,-102.100278,0.8400584775279778
764305,35.101389,-102.009445,0.8303708455032637
764310,35.110556,-102.028055,0.8485729718482717
764605,35.072778,-102.013056,0.8394956529175585
764623,35.076667,-102.010001,0.8312868433088976
1016502,34.811945,-102.052778,0.8436141379940942
1109719,34.778055,-101.977222,0.8571811564383914
2762509,32.046667,-102.311389,0.7885974456124852
756703,35.130833,-102.115001,0.8112503947638009
764121,35.112223,-102.100278,0.8279848444858509
649806,35.161389,-101.920555,0.8801272799189147
649807,35.161389,-101.929444,1.0
649911,35.151667,-101.911389,1.0
649912,35.147222,-101.915001,1.0
649913,35.161112,-101.911389,1.0
649923,35.1547222,-101.9102778,1.0
649601,35.176667,-101.896945,1.0
649602,35.168333,-101.901945,1.0
649604,35.1733333,-101.8966667,1.0
649909,35.1614556,-101.9059778,1.0
649910,35.156945,-101.908334,1.0
2306109,33.963056,-101.363334,0.7704698786853678
1152912,34.1425,-101.536667,0.6509519142516992
2304901,33.881111,-101.514167,0.5116105773447537
1161111,34.117222,-101.459167,0.09510933268430231
2306705,33.916389,-101.356945,0.08808919431156698
2305205,33.958889,-101.448056,0.5425535814314159
2305206,33.958889,-101.451112,0.546220790949082
1152907,34.143889,-101.526389,0.5572606615428222
1160208,34.113889,-101.543889,0.6337672493968989
1144905,34.25625,-101.5208333,0.7748106502861537
1145802,34.2844444,-101.4322222,0.7119018274665988
1146701,34.285834,-101.364723,0.6036791369640137
1146802,34.290278,-101.293889,0.4852546788067458
1146803,34.287778,-101.306945,0.49737794654453643
1152305,34.228889,-101.525833,0.7684288609619286
1152908,34.1388889,-101.5186111,0.5212359727271482
1153503,34.197222,-101.441667,0.6841361325878865
1153705,34.126111,-101.486111,0.5007052252247223
1153802,34.149445,-101.421389,0.7145961267000428
1154302,34.215278,-101.251945,0.4257323505583215
1154502,34.171667,-101.312778,0.5812528322254902
1154802,34.142222,-101.332778,0.7004476105841497
1155901,34.158334,-101.159445,0.36438500914272415
1160605,34.048611,-101.525833,0.487820595126983
1160902,34.026111,-101.508056,0.47345535477287976
1160903,34.020833,-101.501667,0.5011245766450285
1161204,34.108334,-101.445556,0.723442921504565
1161214,34.115001,-101.445278,0.667310553897876
1161305,34.091667,-101.410001,0.7566659965969605
1162502,34.076111,-101.313612,0.6825795613383904
1163601,34.074167,-101.125278,0.37460577599406436
2304202,33.996667,-101.551389,0.7197921407860592
2304605,33.945556,-101.513889,0.659388500571729
2305202,33.977222,-101.444445,0.4790872833299982
2305301,33.981389,-101.394445,0.6799732752552079
2305502,33.936945,-101.446111,0.43483776232274546
2305602,33.952778,-101.376667,0.6054698317264487
2305603,33.933889,-101.398611,0.5684352301447112
2306108,33.963334,-101.359167,0.6940990513947123
2306901,33.898334,-101.262501,0.6725222417280489
2307405,33.934167,-101.234167,0.6346817257147809
2307803,33.875555,-101.175278,0.5276144092375992
2308403,33.9438889,-101.0880556,0.31750728256749144
2313304,33.868055,-101.414445,0.5021611577003924
2316205,33.858612,-101.047778,0.2269033530429568
